"0",""
"0","# Filter the data to include only ""Feb-23"" period"
"0","data_feb_23 <- data_cleaned %>%"
"0","  filter(period == ""Feb-23"")"
"0",""
"0","# Create the ggplot using the filtered data"
"0","ggplot(data_feb_23, aes(y = gsub("" County"", """", county), x = Total.Dewormed)) +"
"0","  geom_col(fill = ""skyblue"", color = ""black"") +"
"0","  theme_bw() +"
"0","  labs(title = ""Number of Children Dewormed by County In February 2023"","
"0","       y = ""County"","
"0","       x = ""Total Dewormed"")"
