period,county,Total Dewormed,Acute Malnutrition,stunted 6-23 months,stunted 0-<6 months,stunted 24-59 months,diarrhoea cases,Underweight 0-<6 months,Underweight 6-23 months,Underweight 24-59 Months
Jan-23,Baringo County,3659,8,471,34,380,2620,85,739,731
Jan-23,Bomet County,1580,,1,3,,1984,41,86,16
Jan-23,Bungoma County,6590,24,98,154,23,4576,231,315,120
Jan-23,Busia County,7564,,396,143,111,2239,251,608,125
Jan-23,Elgeyo Marakwet County,1407,,92,71,5,2739,57,104,21
Jan-23,Embu County,3241,72,326,86,24,1376,141,544,160
Jan-23,Garissa County,6751,250,40,13,99,2314,223,1856,1833
Jan-23,Homa Bay County,4691,9,209,87,58,2787,140,298,84
Jan-23,Isiolo County,790,26,51,6,50,1319,13,180,271
Jan-23,Kajiado County,7532,104,319,102,155,4202,139,840,577
Jan-23,Kakamega County,8044,36,252,279,292,4307,373,547,110
Jan-23,Kericho County,2070,,8,13,5,4175,126,415,55
Jan-23,Kiambu County,7891,183,530,385,88,4720,723,1595,239
Jan-23,Kilifi County,9991,81,1690,267,360,6228,339,2291,674
Jan-23,Kirinyaga County,2148,,157,17,8,2040,172,593,53
Jan-23,Vihiga County,2576,28,200,96,28,906,84,356,44
Jan-23,Uasin Gishu County,7878,1,152,77,39,6155,242,598,88
Jan-23,Turkana County,8336,189,1272,505,1194,7053,532,3465,3940
Jan-23,Trans Nzoia County,2603,248,236,162,22,1862,281,538,74
Jan-23,Tharaka Nithi County,3381,33,212,102,51,1599,154,479,121
Jan-23,Tana River County,1954,233,125,13,83,2072,15,526,672
Jan-23,Taita Taveta County,1624,1,231,95,51,1062,189,624,180
Jan-23,Siaya County,3843,3,16,111,16,2421,170,239,71
Jan-23,Samburu County,1338,60,141,15,104,2384,76,519,733
Jan-23,Nyeri County,2969,18,166,194,22,1077,345,374,44
Jan-23,Nyandarua County,3072,,110,119,6,1540,188,350,43
Jan-23,Nyamira County,2091,,97,58,5,1100,66,141,9
Jan-23,Narok County,5820,56,67,57,32,2856,99,638,68
Jan-23,Nandi County,1986,,117,47,7,1957,102,725,46
Jan-23,Nakuru County,9694,120,396,248,44,7420,579,1323,222
Jan-23,Nairobi County,19893,279,2518,1243,371,9361,1474,3544,646
Jan-23,Muranga County,4745,31,1036,236,86,2049,350,1002,122
Jan-23,Mombasa County,3304,451,437,88,68,3089,322,1306,254
Jan-23,Migori County,6739,29,186,68,61,2593,103,283,112
Jan-23,Meru County,4733,26,137,215,29,2767,185,430,73
Jan-23,Marsabit County,2667,165,475,18,581,1344,20,1126,1511
Jan-23,Mandera County,4536,394,261,107,100,7531,276,509,594
Jan-23,Makueni County,6497,121,573,62,392,3582,126,1207,834
Jan-23,Machakos County,7594,65,78,20,89,3783,338,1330,215
Jan-23,Lamu County,225,,48,12,11,726,18,72,19
Jan-23,Laikipia County,4473,22,303,225,111,1401,457,830,304
Jan-23,Kwale County,7968,271,806,123,602,3291,204,1444,1076
Jan-23,Kitui County,6264,42,770,186,401,3576,234,1692,821
Jan-23,Kisumu County,4840,207,91,67,55,3265,201,429,104
Jan-23,Kisii County,3498,4,29,22,10,2359,77,78,17
Jan-23,Wajir County,6337,940,11,1,50,4250,113,911,773
Jan-23,West Pokot County,4820,36,142,64,108,3010,205,567,469
Feb-23,Baringo County,5237,10,406,443,432,2937,145,838,756
Feb-23,Bomet County,2326,4,365,,9,5053,106,113,23
Feb-23,Bungoma County,5897,31,95,404,32,5164,420,338,97
Feb-23,Busia County,3577,,344,220,84,2004,195,619,68
Feb-23,Elgeyo Marakwet County,2642,,53,59,27,4609,83,108,25
Feb-23,Embu County,2750,75,239,92,70,1193,130,626,354
Feb-23,Garissa County,8090,1059,44,93,122,2072,70,1623,2039
Feb-23,Homa Bay County,4157,5,237,81,80,3794,137,210,126
Feb-23,Isiolo County,1115,138,192,124,35,1149,47,157,251
Feb-23,Kajiado County,6772,295,894,99,1062,4959,207,1245,1485
Feb-23,Kakamega County,8563,26,291,154,86,5580,276,791,230
Feb-23,Kericho County,2338,,6,20,,4775,149,589,169
Feb-23,Kiambu County,10852,13,572,350,45,5744,732,1695,142
Feb-23,Kilifi County,8354,266,1534,397,423,5947,372,2069,970
Feb-23,Kirinyaga County,2041,9,104,50,17,2437,159,520,47
Feb-23,Vihiga County,2686,33,269,46,40,1531,87,273,159
Feb-23,Uasin Gishu County,7510,,188,148,160,8600,531,613,99
Feb-23,Turkana County,13641,395,1185,360,1618,6067,413,3038,4216
Feb-23,Trans Nzoia County,2403,373,246,183,45,2619,272,592,125
Feb-23,Tharaka Nithi County,2131,39,254,87,64,1292,172,519,107
Feb-23,Tana River County,3268,374,215,10,113,1453,232,728,902
Feb-23,Taita Taveta County,1842,2,481,124,74,730,250,778,188
Feb-23,Siaya County,3990,5,7,15,7,2983,64,162,77
Feb-23,Samburu County,3449,382,211,26,230,2367,117,758,1166
Feb-23,Nyeri County,3515,33,258,214,34,1628,334,435,50
Feb-23,Nyandarua County,2680,2,138,94,7,1406,182,414,41
Feb-23,Nyamira County,1819,,54,23,7,946,56,71,11
Feb-23,Narok County,5687,56,43,46,43,3854,144,219,95
Feb-23,Nandi County,3178,2,207,84,6,3118,105,296,33
Feb-23,Nakuru County,11226,177,648,381,347,9244,875,1504,743
Feb-23,Nairobi County,21133,358,3566,1085,326,13516,1788,4361,552
Feb-23,Muranga County,5343,26,581,257,81,2077,414,972,193
Feb-23,Mombasa County,3875,498,572,75,89,3005,269,1608,193
Feb-23,Migori County,6445,11,182,74,45,3185,116,266,81
Feb-23,Meru County,4790,51,152,295,26,2646,229,370,55
Feb-23,Marsabit County,13868,257,768,54,834,1449,84,1616,2864
Feb-23,Mandera County,3196,167,145,22,102,7923,132,533,538
Feb-23,Makueni County,8274,179,749,100,339,2414,176,1483,903
Feb-23,Machakos County,6017,109,113,72,195,3923,400,1299.3,313
Feb-23,Lamu County,246,,18,15,,711,28,50,11
Feb-23,Laikipia County,2767,16,310,214,58,1476,426,599,141
Feb-23,Kwale County,6307,406,582,105,394,3099,281,1957,875
Feb-23,Kitui County,11620,32,961,193,648,2585,482,2032,1193
Feb-23,Kisumu County,5430,247,132,55,202,5559,156,469,93
Feb-23,Kisii County,3335,2,18,36,25,2750,43,85,55
Feb-23,Wajir County,6602,1563,5,24,243,2940,240,948,1189
Feb-23,West Pokot County,8296,49,452,61,318,3418,74,1265,1132
Mar-23,Baringo County,5113,48,751,225,1104,3023,129,1192,1538
Mar-23,Bomet County,2011,2,4,4,4,3461,92,212,8
Mar-23,Bungoma County,7070,1,79,88,45,4276,270,446,77
Mar-23,Busia County,4429,,474,202,70,2022,263,706,96
Mar-23,Elgeyo Marakwet County,2332,,47,160,9,2313,69,132,12
Mar-23,Embu County,3221,84,257,79,87,1510,140,591,111
Mar-23,Garissa County,14843,316,106,55,3169,2228,65,1894,2431
Mar-23,Homa Bay County,5592,43,214,111,43,2641,185,443,124
Mar-23,Isiolo County,2620,128,75,9,95,860,20,278,476
Mar-23,Kajiado County,10485,196,360,315,173,5211,279,1031,803
Mar-23,Kakamega County,10890,29,376,167,163,5142,300,733,205
Mar-23,Kericho County,2269,,19,56,16,3650,197,664,94
Mar-23,Kiambu County,8396,66,755,522,148,7358,973,2220,428
Mar-23,Kilifi County,9092,428,1846,323,445,7437,453,2701,1058
Mar-23,Kirinyaga County,2638,5,150,123,18,2259,180,603,77
Mar-23,Vihiga County,2885,33,199,29,21,1323,91,342,49
Mar-23,Uasin Gishu County,9523,,299,218,65,8732,384,923,111
Mar-23,Turkana County,17249,544,1185,421,1485,8467,460,3077,4680
Mar-23,Trans Nzoia County,3694,404,223,140,31,2340,292,547,78
Mar-23,Tharaka Nithi County,2498,27,271,97,107,1264,151,589,165
Mar-23,Tana River County,3237,453,402,12,164,1404,25,917,777
Mar-23,Taita Taveta County,1684,,288,115,89,703,229,765,312
Mar-23,Siaya County,4241,,10,6,24,2503,71,196,60
Mar-23,Samburu County,2514,397,213,24,116,2658,68,549,1256
Mar-23,Nyeri County,3270,58,257,204,26,1564,435,627,59
Mar-23,Nyandarua County,2693,102,143,112,23,1579,236,362,77
Mar-23,Nyamira County,1408,2,49,26,5,1026,91,88,17
Mar-23,Narok County,6124,66,80,213,474,4097,116,227,56
Mar-23,Nandi County,3441,17,240,55,27,3164,166,324,77
Mar-23,Nakuru County,7769,248,477,265,27,8109,796,1360,132
Mar-23,Nairobi County,21397,665,2435,977,548,15795,1937,4110,842
Mar-23,Muranga County,5294,29,525,200,159,2232,420,1053,139
Mar-23,Mombasa County,4461,494,524,93,93,3960,246,1462,269
Mar-23,Migori County,6870,22,210,103,41,3006,127,408,118
Mar-23,Meru County,4916,107,238,154,50,3095,371,471,212
Mar-23,Marsabit County,7768,331,409,36,649,2137,86,1164,2295
Mar-23,Mandera County,2996,314,162,83,164,7749,171,477,674
Mar-23,Makueni County,8046,155,558,105,395,2427,215,1550,1244
Mar-23,Machakos County,6688,179,52,24,98,4295,338,1406,296
Mar-23,Lamu County,454,,18,7,1,864,33,42,5
Mar-23,Laikipia County,3817,44,334,227,105,2115,451,838,197
Mar-23,Kwale County,6076,483,1082,155,435,3407,367,1654,927
Mar-23,Kitui County,7345,8,799,199,519,2628,271,2100,1200
Mar-23,Kisumu County,5554,241,99,99,34,3533,144,388,96
Mar-23,Kisii County,4293,3,16,15,23,2938,119,125,257
Mar-23,Wajir County,9789,3017,13,7,329,3012,270,1291,1801
Mar-23,West Pokot County,4229,73,309,34,200,2837,57,638,464
Apr-23,Baringo County,4865,3,259,74,552,2493,99,905,1314
Apr-23,Bomet County,1125,,,,2,1538,93,184,77
Apr-23,Bungoma County,7933,,167,61,23,3144,258,415,136
Apr-23,Busia County,3725,,509,344,164,1981,211,635,84
Apr-23,Elgeyo Marakwet County,1828,,54,53,2,1974,80,146,4
Apr-23,Embu County,2744,20,212,53,42,1017,135,474,82
Apr-23,Garissa County,16912,224,22,1,204,2735,236,2159,2454
Apr-23,Homa Bay County,26253,38,247,185,41,1962,138,234,65
Apr-23,Isiolo County,2789,124,164,4,70,1464,12,224,497
Apr-23,Kajiado County,6050,56,250,108,73,7107,233,999,593
Apr-23,Kakamega County,11203,32,362,165,44,4334,209,487,408
Apr-23,Kericho County,2095,,17,11,9,1909,143,410,57
Apr-23,Kiambu County,7957,56,781,368,90,5427,753,1709,245
Apr-23,Kilifi County,6965,103,1400,351,367,7335,465,2543,947
Apr-23,Kirinyaga County,2383,3,113,37,30,2288,179,597,58
Apr-23,Vihiga County,2395,22,140,32,40,610,86,287,69
Apr-23,Uasin Gishu County,8816,,109,130,13,4629,250,677,99
Apr-23,Turkana County,11644,343,1312,558,1499,10969,393,3316,4581
Apr-23,Trans Nzoia County,2786,398,257,130,49,1647,266,425,122
Apr-23,Tharaka Nithi County,2554,16,191,110,81,783,156,468,106
Apr-23,Tana River County,2601,397,128,23,133,1375,19,621,650
Apr-23,Taita Taveta County,2555,,298,132,64,892,218,760,235
Apr-23,Siaya County,3659,,14,9,35,1629,54,107,22
Apr-23,Samburu County,1901,50,73,41,172,2397,57,542,865
Apr-23,Nyeri County,3299,42,277,216,31,1001,338,583,74
Apr-23,Nyandarua County,2014,12,109,64,18,924,195,339,52
Apr-23,Nyamira County,1246,,36,23,13,634,51,55,15
Apr-23,Narok County,4711,29,40,38,27,2282,116,181,63
Apr-23,Nandi County,2585,,107,69,10,1606,131,377,37
Apr-23,Nakuru County,4870,290,358,243,58,5229,605,1229,198
Apr-23,Nairobi County,25413,347,1891,926,645,11612,1432,3598,645
Apr-23,Muranga County,3964,26,440,194,65,1862,279,776,109
Apr-23,Mombasa County,4208,227,554,125,73,5454,248,1260,272
Apr-23,Migori County,6210,35,158,44,48,1825,108,274,82
Apr-23,Meru County,4366,61,264,139,60,2254,319,519,63
Apr-23,Marsabit County,2755,224,220,9,480,2658,13,1099,1820
Apr-23,Mandera County,3125,135,130,54,107,8244,195,311,468
Apr-23,Makueni County,7264,134,744,274,446,1927,192,1620,1299
Apr-23,Machakos County,6375,96,29,17,188,4185,355,1051,398
Apr-23,Lamu County,474,,8,9,2,861,32,40,9
Apr-23,Laikipia County,4346,32,439,192,143,1386,399,731,215
Apr-23,Kwale County,5389,315,478,152,279,3692,231,1165,790
Apr-23,Kitui County,7310,2,1039,353,616,3224,259,2289,1252
Apr-23,Kisumu County,3983,157,245,51,197,1978,170,371,137
Apr-23,Kisii County,2963,2,19,63,10,2014,65,189,17
Apr-23,Wajir County,6890,1030,9,66,423,5566,296,713,1041
Apr-23,West Pokot County,6336,34,202,73,147,2347,134,422,432
May-23,Baringo County,45643,2,566,272,794,2907,158,941,1341
May-23,Bomet County,3207,,3,,3,1359,85,200,72
May-23,Bungoma County,26522,6,220,203,24,3098,357,439,147
May-23,Busia County,4454,1,748,137,76,1930,238,837,147
May-23,Elgeyo Marakwet County,39863,,55,45,7,1935,71,137,13
May-23,Embu County,45538,43,400,78,61,1187,232,644,147
May-23,Garissa County,10771,482,38,1,140,3095,84,2023,2226
May-23,Homa Bay County,7691,88,211,158,46,2347,218,287,79
May-23,Isiolo County,6582,99,72,21,62,2630,24,281,216
May-23,Kajiado County,128655,86,274,161,155,4600,211,916,626
May-23,Kakamega County,16098,26,672,97,30,5068,265,976,149
May-23,Kericho County,2351,,80,111,125,2191,141,591,264
May-23,Kiambu County,25973,59,930,343,267,6068,902,1903,2220
May-23,Kilifi County,7944,127,1609,459,401,13491,726,2778,820
May-23,Kirinyaga County,2917,3,167,40,29,2728,210,803,81
May-23,Vihiga County,3849,28,242,118,108,1028,140,392,105
May-23,Uasin Gishu County,78164,,798,104,63,5332,273,794,135
May-23,Turkana County,48584,810,1462,508,1384,10892,537,3369,4614
May-23,Trans Nzoia County,4250,330,353,307,50,2025,281,636,110
May-23,Tharaka Nithi County,3037,62,281,95,138,979,185,563,200
May-23,Tana River County,3204,267,125,601,91,2352,40,627,584
May-23,Taita Taveta County,5283,8,434,121,78,1196,268,1016,343
May-23,Siaya County,5256,2,23,6,18,2311,86,436,47
May-23,Samburu County,39375,227,151,44,74,4101,228,634,729
May-23,Nyeri County,3257,49,242,201,39,1010,402,620,103
May-23,Nyandarua County,2350,,261,136,39,893,215,454,39
May-23,Nyamira County,15964,9,191,69,10,659,170,141,12
May-23,Narok County,109350,36,130,243,41,3287,137,231,67
May-23,Nandi County,5469,17,107,54,29,1621,99,321,52
May-23,Nakuru County,6717,287,423,180,92,5857,641,1371,204
May-23,Nairobi County,392800,480,2442,7900,397,12844,1889,4563,631
May-23,Muranga County,8234,39,609,349,254,2712,399,1066,256
May-23,Mombasa County,6064,487,535,149,152,7215,328,1748,342
May-23,Migori County,14280,28,129,37,49,2086,112,277,171
May-23,Meru County,4775,74,1019,231,117,2530,327,735,98
May-23,Marsabit County,13197,152,204,27,482,3159,26,1082,2023
May-23,Mandera County,2656,174,149,109,88,10137,151,362,389
May-23,Makueni County,16872,113,833,177,608,3002,117,2074,1244
May-23,Machakos County,32010,78,29,11,134,5101,456,1297,362
May-23,Lamu County,374,,21,10,3,1285,50,73,16
May-23,Laikipia County,38895,24,436,182,358,1832,381,798,457
May-23,Kwale County,38360,342,533,83,345,5676,253,1623,727
May-23,Kitui County,7090,2,970,189,868,3209,254,2144,1767
May-23,Kisumu County,35214,260,450,115,37,5259,400,523,118
May-23,Kisii County,3499,,26,48,6,2246,67,347,31
May-23,Wajir County,42145,1490,7,5,223,6277,305,802,2953
May-23,West Pokot County,15454,71,271,33,79,3056,62,502,507
Jun-23,Baringo County,10808,19,596,46,776,2403,92,1028,1603
Jun-23,Bomet County,2873,,,,16,1605,127,211,24
Jun-23,Bungoma County,6314,7,84,49,31,2500,238,426,142
Jun-23,Busia County,4356,1,506,186,66,1514,228,723,105
Jun-23,Elgeyo Marakwet County,1738,,33,6,3,1939,80,111,7
Jun-23,Embu County,2351,53,662,140,50,933,167,637,116
Jun-23,Garissa County,25392,718,25,4,459,2882,105,1684,2143
Jun-23,Homa Bay County,4466,60,200,147,32,2057,204,386,62
Jun-23,Isiolo County,2421,116,74,11,94,940,26,225,349
Jun-23,Kajiado County,6127,54,306,328,112,4048,228,915,461
Jun-23,Kakamega County,11534,29,739,124,206,4224,227,715,165
Jun-23,Kericho County,2459,,38,111,23,2766,157,536,110
Jun-23,Kiambu County,73824,204,448,293,88,5847,677,1602,148
Jun-23,Kilifi County,85912,232,1663,429,373,11064,625,2554,652
Jun-23,Kirinyaga County,36769,,163,29,6,1645,197,696,88
Jun-23,Vihiga County,3452,46,206,60,74,1068,125,408,107
Jun-23,Uasin Gishu County,14550,,143,45,33,4729,280,695,169
Jun-23,Turkana County,13538,593,1030,288,1311,7327,275,3150,4165
Jun-23,Trans Nzoia County,3496,316,233,139,43,1892,274,474,118
Jun-23,Tharaka Nithi County,32815,143,333,103,101,739,178,686,154
Jun-23,Tana River County,6422,576,110,27,175,2065,10,709,671
Jun-23,Taita Taveta County,4142,18,337,138,72,901,221,790,255
Jun-23,Siaya County,4498,1,33,10,28,2826,96,254,44
Jun-23,Samburu County,1945,138,74,26,94,2764,42,613,697
Jun-23,Nyeri County,40780,34,219,174,39,933,284,495,59
Jun-23,Nyandarua County,33756,,205,114,19,800,202,377,188
Jun-23,Nyamira County,1588,,60,36,10,674,40,77,11
Jun-23,Narok County,20798,45,107,45,54,3435,88,273,96
Jun-23,Nandi County,4011,14,251,94,27,1336,147,359,56
Jun-23,Nakuru County,107963,312,306,141,52,6753,546,1300,156
Jun-23,Nairobi County,30860,579,2171,1705,1080,10536,1522,4339,586
Jun-23,Muranga County,4133,26,527,224,112,1849,363,955,136
Jun-23,Mombasa County,3990,607,550,114,158,3671,294,1254,298
Jun-23,Migori County,7546,33,235,44,53,2301,102,222,94
Jun-23,Meru County,179181,50,272,131,40,1971,264,578,58
Jun-23,Marsabit County,12133,162,487,91,473,1437,162,1218,1589
Jun-23,Mandera County,28799,166,72,29,139,6241,181,626,747
Jun-23,Makueni County,90201,68,992,77,221,2280,115,1259,642
Jun-23,Machakos County,78572,64,36,8,154,3820,342,1045,279
Jun-23,Lamu County,328,,28,9,2,1279,26,63,14
Jun-23,Laikipia County,3021,35,288,214,133,1712,424,626,196
Jun-23,Kwale County,13754,316,406,112,258,4233,238,1170,503
Jun-23,Kitui County,107811,65,944,183,475,1970,245,1669,1345
Jun-23,Kisumu County,4278,370,107,60,86,2805,420,743,95
Jun-23,Kisii County,4516,,142,48,7,2013,97,180,22
Jun-23,Wajir County,6417,1835,71,26,143,3202,135,792,1368
Jun-23,West Pokot County,10422,51,146,87,198,3623,30,347,446
Jan-22,Baringo County,5739,3,98,44,9,2625,76,321,214
Jan-22,Bomet County,1933,,,,1,2840,211,121,10
Jan-22,Bungoma County,4344,,52,57,11,3731,228,229,52
Jan-22,Busia County,3734,,292,104,51,1842,239,421,83
Jan-22,Elgeyo Marakwet County,1343,,108,103,11,1753,110,163,12
Jan-22,Embu County,2450,65,251,96,77,1236,141,607,66
Jan-22,Garissa County,6805,105,233,208,92,3987,97,1042,747
Jan-22,Homa Bay County,3177,8,118,74,12,1800,95,232,39
Jan-22,Isiolo County,871,20,58,6,32,2028,28,141,108
Jan-22,Kajiado County,6188,17,117,51,20,3891,135,703,70
Jan-22,Kakamega County,6711,7,250,166,127,2847,222,520,103
Jan-22,Kericho County,1996,,256,28,11,3604,97,220,292
Jan-22,Kiambu County,8115,50,451,393,54,5315,714,994,161
Jan-22,Kilifi County,6567,76,932,400,239,10095,315,1794,476
Jan-22,Kirinyaga County,2012,,140,64,10,1610,170,494,50
Jan-22,Vihiga County,2296,14,203,60,17,960,118,318,117
Jan-22,Uasin Gishu County,4907,,186,849,19,4126,188,506,28
Jan-22,Turkana County,7985,185,247,122,206,6574,212,1143,1621
Jan-22,Trans Nzoia County,1331,12,143,101,15,1583,160,305,41
Jan-22,Tharaka Nithi County,2086,8,216,109,25,1350,160,389,37
Jan-22,Tana River County,1675,193,46,54,97,3336,36,370,156
Jan-22,Taita Taveta County,1399,,209,69,37,1772,177,560,163
Jan-22,Siaya County,4887,,175,9,22,3734,57,151,37
Jan-22,Samburu County,919,1,58,67,26,1911,81,349,297
Jan-22,Nyeri County,3015,18,302,157,20,1459,316,519,39
Jan-22,Nyandarua County,2795,,76,84,11,1004,172,186,74
Jan-22,Nyamira County,2383,,22,69,36,1218,77,80,18
Jan-22,Narok County,8817,10,27,51,24,2882,90,168,76
Jan-22,Nandi County,4488,,121,46,21,1866,108,249,39
Jan-22,Nakuru County,10467,158,490,336,237,6815,860,1340,390
Jan-22,Nairobi County,29284,173,1776,816,306,9922,1036,3051,855
Jan-22,Muranga County,5022,8,496,203,76,2120,411,890,149
Jan-22,Mombasa County,4053,353,503,58,116,4479,183,1188,294
Jan-22,Migori County,6596,18,134,56,2,2481,55,116,182
Jan-22,Meru County,2799,83,163,119,46,2544,234,608,41
Jan-22,Marsabit County,3479,63,790,53,422,1973,124,1049,1491
Jan-22,Mandera County,2452,182,93,87,127,8057,116,355,485
Jan-22,Makueni County,6897,17,980,125,126,3424,226,782,197
Jan-22,Machakos County,4817,73,40,18,46,4170,348,719,153
Jan-22,Lamu County,162,,10,8,3,974,18,63,18
Jan-22,Laikipia County,1928,40,167,168,51,1564,328,369,31
Jan-22,Kwale County,5806,72,396,111,396,5824,262,898,445
Jan-22,Kitui County,5211,19,551,170,149,3214,253,866,290
Jan-22,Kisumu County,4425,107,136,46,104,3192,182,450,78
Jan-22,Kisii County,2240,,20,46,3,2243,88,90,60
Jan-22,Wajir County,6397,548,64,3,101,3918,95,492,535
Jan-22,West Pokot County,4184,14,122,39,39,2700,36,138,52
Feb-22,Baringo County,4146,7,80,144,91,2473,68,423,232
Feb-22,Bomet County,1401,,1,12,6,2133,119,127,15
Feb-22,Bungoma County,39477,1,157,46,42,4058,186,694,140
Feb-22,Busia County,3585,,267,102,60,2097,217,412,77
Feb-22,Elgeyo Marakwet County,1282,,55,61,5,2199,69,126,15
Feb-22,Embu County,2620,94,268,67,76,925,118,461,83
Feb-22,Garissa County,5858,212,35,9,89,2405,76,1020,799
Feb-22,Homa Bay County,2425,6,78,86,11,1506,161,208,54
Feb-22,Isiolo County,647,54,128,11,20,1466,20,269,208
Feb-22,Kajiado County,5740,36,161,89,31,4695,140,330,148
Feb-22,Kakamega County,7139,18,252,236,34,3089,310,452,186
Feb-22,Kericho County,1770,,14,38,15,3742,132,255,43
Feb-22,Kiambu County,6743,116,426,372,47,5223,614,1264,128
Feb-22,Kilifi County,6844,191,1053,558,256,7829,270,1661,388
Feb-22,Kirinyaga County,1617,1,160,54,17,1979,172,476,36
Feb-22,Vihiga County,2022,22,155,38,34,980,90,276,64
Feb-22,Uasin Gishu County,7299,,201,111,96,4231,262,475,87
Feb-22,Turkana County,13107,425,713,147,425,7929,365,1309,1598
Feb-22,Trans Nzoia County,1108,9,109,83,21,1575,149,309,35
Feb-22,Tharaka Nithi County,1766,3,273,75,44,1046,162,349,50
Feb-22,Tana River County,2172,275,64,43,21,1876,83,503,174
Feb-22,Taita Taveta County,1643,,209,83,93,809,199,649,199
Feb-22,Siaya County,3358,,9,9,1,1620,288,123,42
Feb-22,Samburu County,1787,10,38,53,65,2047,89,381,366
Feb-22,Nyeri County,3629,16,252,159,20,1294,241,378,30
Feb-22,Nyandarua County,1831,,114,100,12,853,191,211,42
Feb-22,Nyamira County,2134,,106,71,33,1549,117,213,37
Feb-22,Narok County,4742,13,41,73,45,2358,48,98,56
Feb-22,Nandi County,4144,,58,51,24,1585,131,276,41
Feb-22,Nakuru County,11543,223,483,274,87,6230,789,1061,149
Feb-22,Nairobi County,22157,327,1281,771,184,9891,1015,3015,343
Feb-22,Muranga County,4060,13,837,247,115,1666,396,784,308
Feb-22,Mombasa County,3241,319,401,98,95,3591,283,1241,287
Feb-22,Migori County,6739,29,59,16,74,2281,69,151,123
Feb-22,Meru County,3500,67,199,91,30,2371,221,499,37
Feb-22,Marsabit County,2496,119,168,59,262,1483,78,935,1267
Feb-22,Mandera County,2807,162,111,90,105,6994,123,300,477
Feb-22,Makueni County,6619,30,332,88,106,2356,134,607,190
Feb-22,Machakos County,4275,118,47,72,59,2945,450,692,215
Feb-22,Lamu County,269,,136,9,26,1131,19,57,25
Feb-22,Laikipia County,2432,18,244,221,37,1087,363,441,76
Feb-22,Kwale County,11179,43,355,245,283,2112,246,623,316
Feb-22,Kitui County,4729,5,551,101,217,2520,236,878,359
Feb-22,Kisumu County,4625,196,111,157,53,3272,183,376,58
Feb-22,Kisii County,2400,,51,13,9,2041,105,147,34
Feb-22,Wajir County,9092,2697,27,142,217,3064,113,1458,1551
Feb-22,West Pokot County,2746,10,60,13,24,3120,27,308,84
Mar-22,Baringo County,3700,13,173,66,99,2781,94,772,538
Mar-22,Bomet County,1388,,127,1,5,1973,80,197,16
Mar-22,Bungoma County,7919,,207,32,38,4647,232,584,97
Mar-22,Busia County,4024,2,274,147,55,2203,245,596,90
Mar-22,Elgeyo Marakwet County,1070,,74,83,3,2621,70,190,9
Mar-22,Embu County,2673,57,235,96,34,956,145,584,99
Mar-22,Garissa County,9127,239,17,10,128,1826,67,1047,989
Mar-22,Homa Bay County,3472,10,294,104,17,1845,158,323,40
Mar-22,Isiolo County,987,48,106,5,43,839,25,205,153
Mar-22,Kajiado County,6691,102,322,88,33,6441,144,531,118
Mar-22,Kakamega County,8496,23,269,240,81,4162,337,717,111
Mar-22,Kericho County,2202,,30,7,7,4377,109,342,158
Mar-22,Kiambu County,7994,133,587,291,64,5612,598,1289,217
Mar-22,Kilifi County,7719,16,1431,268,264,5786,300,1972,456
Mar-22,Kirinyaga County,2274,,279,218,68,1531,222,546,167
Mar-22,Vihiga County,2569,28,140,37,12,1122,88,345,61
Mar-22,Uasin Gishu County,5558,,235,163,34,6191,236,796,87
Mar-22,Turkana County,9837,586,558,202,476,8781,302,1766,1900
Mar-22,Trans Nzoia County,1512,7,207,157,13,1731,236,476,49
Mar-22,Tharaka Nithi County,1831,2,231,95,72,1008,153,503,125
Mar-22,Tana River County,2299,338,30,3,17,1729,32,582,319
Mar-22,Taita Taveta County,1381,,135,101,96,631,202,624,152
Mar-22,Siaya County,3719,,40,55,138,2039,60,141,49
Mar-22,Samburu County,1414,5,52,64,28,1977,82,265,289
Mar-22,Nyeri County,3358,18,332,284,31,1137,420,593,50
Mar-22,Nyandarua County,2472,,385,96,26,1243,178,245,57
Mar-22,Nyamira County,2902,1,67,35,7,1353,62,126,10
Mar-22,Narok County,5325,8,191,24,10,4763,85,175,45
Mar-22,Nandi County,4020,,138,144,19,2055,117,293,47
Mar-22,Nakuru County,10492,210,608,378,140,6643,864,1268,153
Mar-22,Nairobi County,21975,407,1812,678,245,11149,1153,3427,534
Mar-22,Muranga County,4603,20,620,384,91,1654,477,1068,134
Mar-22,Mombasa County,3854,353,682,343,110,2832,615,1541,324
Mar-22,Migori County,7589,20,153,91,54,2644,136,126,54
Mar-22,Meru County,3382,83,330,175,100,2307,275,390,62
Mar-22,Marsabit County,2064,163,142,26,247,1638,69,739,1237
Mar-22,Mandera County,2490,160,74,78,231,7021,129,438,605
Mar-22,Makueni County,6226,32,379,135,57,2089,121,602,143
Mar-22,Machakos County,4338,116,22,287,73,2703,320,772,159
Mar-22,Lamu County,200,,8,7,2,953,28,70,21
Mar-22,Laikipia County,1918,60,156,126,92,1828,220,370,125
Mar-22,Kwale County,7146,122,413,125,331,3502,294,901,480
Mar-22,Kitui County,5212,11,441,151,138,2073,266,933,329
Mar-22,Kisumu County,4556,162,96,108,100,4593,186,611,145
Mar-22,Kisii County,2850,,29,31,12,2271,63,79,34
Mar-22,Wajir County,6617,949,129,198,238,2694,89,780,871
Mar-22,West Pokot County,3219,20,54,5,17,3472,53,565,88
Apr-22,Baringo County,3938,3,360,48,88,2822,90,658.3,188
Apr-22,Bomet County,1564,,,,2,2464,139,128,10
Apr-22,Bungoma County,6717,,77,83,15,3471,261,473,92
Apr-22,Busia County,3481,2,329,146,102,1780,255,541,104
Apr-22,Elgeyo Marakwet County,927,,84,60,1,2081,64,142,12
Apr-22,Embu County,2169,25,225,63,19,850,116,406,58
Apr-22,Garissa County,8230,230,8,,266,1782,36,865,853
Apr-22,Homa Bay County,2650,29,105,130,19,1494,108,150,53
Apr-22,Isiolo County,1029,76,29,10,96,641,51,119,130
Apr-22,Kajiado County,5666,19,276,107,36,4193,174,459,92
Apr-22,Kakamega County,8372,22,640,787,103,3584,338,738,112
Apr-22,Kericho County,1651,,14,12,,2823,132,268,45
Apr-22,Kiambu County,8670,88,886,303,55,4199,722,1541,247
Apr-22,Kilifi County,6217,2,1402,383,200,5279,297,1516,321
Apr-22,Kirinyaga County,1833,,89,43,13,1859,200,475,40
Apr-22,Vihiga County,2910,10,285,187,17,966,67,249,86
Apr-22,Uasin Gishu County,4596,,129,126,110,5356,203,455,100
Apr-22,Turkana County,9105,419,384,117,530,7827,222,1584,2118
Apr-22,Trans Nzoia County,1846,4,274,125,16,1332,211,342,37
Apr-22,Tharaka Nithi County,1512,7,183,106,80,974,151,378,54
Apr-22,Tana River County,1901,130,66,8,24,1887,32,381,131
Apr-22,Taita Taveta County,1288,,435,50,86,544,148,686,100
Apr-22,Siaya County,2738,1,253,5,36,3003,77,148,48
Apr-22,Samburu County,1288,,32,122,53,2136,65,386,337
Apr-22,Nyeri County,3066,8,201,129,53,929,259,469,46
Apr-22,Nyandarua County,1751,,84,82,34,934,137,202,44
Apr-22,Nyamira County,2091,,74,36,7,1027,47,96,18
Apr-22,Narok County,5122,7,93,17,16,4329,58,145,44
Apr-22,Nandi County,3141,,88,219,9,1631,76,233,30
Apr-22,Nakuru County,8729,122,483,385,81,5332,809,1147,166
Apr-22,Nairobi County,19482,302,1657,616,305,10261,1165,2909,387
Apr-22,Muranga County,4012,16,477,396,653,1339,442,1271,870
Apr-22,Mombasa County,3508,128,303,206,148,2879,366,1069,238
Apr-22,Migori County,6107,8,99,31,25,1925,106,180,84
Apr-22,Meru County,3425,28,217,140,66,1718,248,340,79
Apr-22,Marsabit County,2661,228,279,9,226,1791,77,879,1638
Apr-22,Mandera County,2172,194,117,106,142,6308,135,399,625
Apr-22,Makueni County,5539,17,302,66,49,1620,123,601,79
Apr-22,Machakos County,3766,95,49,8,22,3526,209,615,104
Apr-22,Lamu County,97,,6,,,543,19,40,24
Apr-22,Laikipia County,1940,26,140,187,28,715,326,372,147
Apr-22,Kwale County,7248,71,540,120,221,2574,256,1015,346
Apr-22,Kitui County,4729,,332,277,122,1785,179,684,249
Apr-22,Kisumu County,4732,135,138,78,127,2572,138,578,127
Apr-22,Kisii County,2497,,43,36,3,1961,75,142,57
Apr-22,Wajir County,5694,567,12,3,66,2452,100,480,819
Apr-22,West Pokot County,4615,22,50,4,25,2824,67,230,82
May-22,Baringo County,8038,9,133,228,219,2947,94,466,307
May-22,Bomet County,2039,1,3,1,5,2015,84,100,20
May-22,Bungoma County,6632,,138,93,56,3182,343,795,84
May-22,Busia County,4739,,317,177,54,2001,279,513,144
May-22,Elgeyo Marakwet County,4266,,44,83,8,1708,55,140,5
May-22,Embu County,41108,59,281,89,36,1049,138,530,85
May-22,Garissa County,10036,344,35,,88,1955,51,1195,717
May-22,Homa Bay County,2294,19,92,44,7,1211,104,150,31
May-22,Isiolo County,7847,186,78,2,133,892,18,231,400
May-22,Kajiado County,6813,63,164,77,25,4391,151,560,110
May-22,Kakamega County,9534,11,547,183,267,4579,288,735,271
May-22,Kericho County,2249,,9,8,5,2408,121,322,51
May-22,Kiambu County,8448,62,544,323,54,5184,631,1169,164
May-22,Kilifi County,7404,24,1643,245,239,9072,297,1838,364
May-22,Kirinyaga County,2339,,234,30,29,1895,125,485,45
May-22,Vihiga County,2922,20,118,40,291,891,102,367,47
May-22,Uasin Gishu County,7485,,247,162,48,5043,373,513,105
May-22,Turkana County,54606,591,496,366,550,13063,268,2239,2433
May-22,Trans Nzoia County,1996,11,137,109,42,1405,211,351,29
May-22,Tharaka Nithi County,1978,3,233,121,37,1071,164,530,51
May-22,Tana River County,2236,203,65,26,19,1776,56,506,126
May-22,Taita Taveta County,1823,,298,99,97,608,149,529,144
May-22,Siaya County,3349,,107,31,12,1905,100,203,113
May-22,Samburu County,17967,9,105,41,65,2456,62,394,259
May-22,Nyeri County,35154,26,205,227,45,1028,275,465,60
May-22,Nyandarua County,4732,,99,74,14,802,137,293,40
May-22,Nyamira County,1820,3,52,65,9,1169,48,62,8
May-22,Narok County,6054,23,95,35,17,2736,67,360,49
May-22,Nandi County,11439,,135,66,30,1663,245,513,66
May-22,Nakuru County,10306,157,486,264,96,6275,846,1221,115
May-22,Nairobi County,102975,202,1684,1359,365,12355,1233,3649,480
May-22,Muranga County,28277,20,478,282,120,2018,336,950,131
May-22,Mombasa County,3724,173,380,143,115,7275,362,1383,297
May-22,Migori County,6746,31,83,54,35,2278,95,243,57
May-22,Meru County,3828,32,178,116,31,1881,279,362,48
May-22,Marsabit County,17456,106,256,21,312,2398,67,909,1384
May-22,Mandera County,3208,358,105,445,120,7029,205,655,1145
May-22,Makueni County,23899,30,410,154,102,2015,188,705,153
May-22,Machakos County,102736,63,39,2,173,2898,352,820,198
May-22,Lamu County,249,,7,11,22,973,30,78,25
May-22,Laikipia County,36739,19,183,1457,97,1786,295,418,93
May-22,Kwale County,8200,94,933,104,415,4481,257,898,360
May-22,Kitui County,5089,1,554,151,183,1919,245,834,417
May-22,Kisumu County,5400,183,92,106,38,3050,269,939,105
May-22,Kisii County,2758,,48,36,6,2380,73,120,13
May-22,Wajir County,9242,1074,16,,163,3724,71,806,1088
May-22,West Pokot County,9082,27,61,21,44,2784,68,229,89
Jun-22,Baringo County,48516,22,192,76,46,2897,81,355,478
Jun-22,Bomet County,1885,1,1,1,3,1567,107,126,14
Jun-22,Bungoma County,22007,1,54,91,15,3156,308,410,86
Jun-22,Busia County,4358,1,392,211,64,1834,323,713,94
Jun-22,Elgeyo Marakwet County,23478,,46,24,4,1782,35,107,9
Jun-22,Embu County,2589,42,111,60,33,643,88,463,39
Jun-22,Garissa County,13016,605,21,24,206,1912,140,1057,1274
Jun-22,Homa Bay County,3716,25,113,59,35,1570,139,235,74
Jun-22,Isiolo County,1537,65,39,65,49,848,16,107,162
Jun-22,Kajiado County,114265,60,267,77,40,3532,193,539,63
Jun-22,Kakamega County,14568,,607,478,102,4180,480,1111,154
Jun-22,Kericho County,2150,,247,19,6,2415,144,290,40
Jun-22,Kiambu County,77365,135,504,295,82,5774,594,1135,147
Jun-22,Kilifi County,66427,33,1937,274,268,12302,303,1618,388
Jun-22,Kirinyaga County,40278,,100,49,210,2341,183,500,73
Jun-22,Vihiga County,4561,34,176,86,32,938,115,334,81
Jun-22,Uasin Gishu County,114473,,174,99,85,9820,259,593,62
Jun-22,Turkana County,25880,446,1105,229,808,9960,304,3387,3338
Jun-22,Trans Nzoia County,39180,139,132,95,27,1486,209,484,37
Jun-22,Tharaka Nithi County,19490,,186,78,20,789,168,307,47
Jun-22,Tana River County,1991,205,110,21,78,1886,54,742,337
Jun-22,Taita Taveta County,22533,,275,75,60,618,158,634,175
Jun-22,Siaya County,8942,,67,35,15,2137,81,149,26
Jun-22,Samburu County,2599,5,85,31,52,2856,34,399,365
Jun-22,Nyeri County,9712,24,258,238,53,974,316,661,60
Jun-22,Nyandarua County,17042,,88,112,14,1060,101,202,55
Jun-22,Nyamira County,14111,1,23,23,3,1034,39,58,5
Jun-22,Narok County,99995,23,63,23,25,2134,179,173,96
Jun-22,Nandi County,9934,,105,59,27,1527,118,339,43
Jun-22,Nakuru County,149704,172,684,254,215,7138,628,1199,203
Jun-22,Nairobi County,347436,357,1961,842,899,10702,1387,3699,441
Jun-22,Muranga County,8261,20,489,217,270,1682,365,962,153
Jun-22,Mombasa County,3691,105,904,179,137,5840,290,1125,317
Jun-22,Migori County,9457,17,157,38,56,2254,128,179,116
Jun-22,Meru County,34904,47,157,97,10,1747,266,508,130
Jun-22,Marsabit County,12555,117,763,37,342,2033,75,2097,1988
Jun-22,Mandera County,2410,284,299,96,175,7434,321,533,812
Jun-22,Makueni County,27301,20,314,89,73,2057,148,638,155
Jun-22,Machakos County,9255,87,55,22,84,2941,332,706,192
Jun-22,Lamu County,221,,12,9,5,1284,27,48,18
Jun-22,Laikipia County,7512,34,136,121,45,1825,259,783,43
Jun-22,Kwale County,90232,208,688,114,281,4304,291,871,440
Jun-22,Kitui County,80524,,568,211,128,1593,248,698,279
Jun-22,Kisumu County,6880,224,187,95,225,3613,213,561,355
Jun-22,Kisii County,2336,,35,43,61,2176,74,314,47
Jun-22,Wajir County,10872,2377,12,,66,3909,52,684,1228
Jun-22,West Pokot County,13268,37,52,19,36,2421,96,278,283
Jul-22,Baringo County,2400,17,326,111,170,2056,115,419,205
Jul-22,Bomet County,1452,,,3,1,1777,76,115,21
Jul-22,Bungoma County,7085,2,47,85,60,2309,217,270,107
Jul-22,Busia County,3520,,300,152,95,1440,216,925,68
Jul-22,Elgeyo Marakwet County,2664,,67,52,2,1161,91,126,12
Jul-22,Embu County,2358,18,222,104,17,657,103,437,93
Jul-22,Garissa County,6673,518,34,22,33,1598,61,927,900
Jul-22,Homa Bay County,3542,27,95,78,17,1649,163,148,57
Jul-22,Isiolo County,682,17,14,,40,748,12,143,139
Jul-22,Kajiado County,5628,64,161,161,22,2996,143,448,90
Jul-22,Kakamega County,8120,32,402,512,89,3078,371,889,169
Jul-22,Kericho County,1646,,20,27,4,1925,107,238,56
Jul-22,Kiambu County,7315,127,990,333,60,4404,598,1153,110
Jul-22,Kilifi County,6113,33,1272,350,197,9906,329,1603,343
Jul-22,Kirinyaga County,1957,,120,62,9,1713,186,488,50
Jul-22,Vihiga County,3042,33,204,57,55,729,137,382,62
Jul-22,Uasin Gishu County,6783,,311,223,23,4224,200,661,79
Jul-22,Turkana County,9820,530,762,467,624,7686,393,2930,3005
Jul-22,Trans Nzoia County,2154,228,202,115,17,914,218,372,47
Jul-22,Tharaka Nithi County,1618,,177,95,53,552,131,325,47
Jul-22,Tana River County,2402,239,154,15,66,1723,26,673,304
Jul-22,Taita Taveta County,1243,,381,143,79,611,190,610,193
Jul-22,Siaya County,2775,,8,8,94,1496,55,114,397
Jul-22,Samburu County,1357,,87,47,51,2178,29,464,376
Jul-22,Nyeri County,2689,4,207,157,21,875,341,621,41
Jul-22,Nyandarua County,2009,,121,55,25,821,114,254,58
Jul-22,Nyamira County,1800,,101,30,45,827,50,110,25
Jul-22,Narok County,5538,28,43,28,19,2214,78,136,26
Jul-22,Nandi County,2512,20,83,57,6,1052,108,259,21
Jul-22,Nakuru County,10089,185,647,289,62,5426,644,1341,156
Jul-22,Nairobi County,18896,270,1747,611,212,6308,1191,3470,498
Jul-22,Muranga County,4151,6,540,172,67,1462,314,770,137
Jul-22,Mombasa County,3544,157,363,160,73,3933,207,901,284
Jul-22,Migori County,7133,13,113,48,49,2136,74,144,83
Jul-22,Meru County,3741,29,86,64,45,2181,156,368,58
Jul-22,Marsabit County,2368,38,173,27,73,1401,50,732,1054
Jul-22,Mandera County,2597,372,110,129,146,6530,399,515,499
Jul-22,Makueni County,5469,33,297,103,85,1505,130,563,122
Jul-22,Machakos County,5338,81,31,7,94,2198,254,659,116
Jul-22,Lamu County,291,,15,2,26,1103,42,59,19
Jul-22,Laikipia County,2305,20,141,90,8,1579,237,325,68
Jul-22,Kwale County,5946,109,737,141,289,3490,283,872,349
Jul-22,Kitui County,5650,,456,183,148,1411,283,640,332
Jul-22,Kisumu County,5352,170,190,123,170,2565,193,481,106
Jul-22,Kisii County,2260,,35,27,2,1638,237,104,34
Jul-22,Wajir County,6214,664,29,5,97,2271,84,534,616
Jul-22,West Pokot County,4660,21,57,18,47,2144,31,323,170
Aug-22,Baringo County,3517,1,160,86,131,2045,241,507,368
Aug-22,Bomet County,1118,1,1,3,3,2084,62,122,98
Aug-22,Bungoma County,6300,2,135,97,13,2307,262,374,112
Aug-22,Busia County,3229,2,683,140,33,1357,230,575,93
Aug-22,Elgeyo Marakwet County,937,,56,58,14,1039,34,133,18
Aug-22,Embu County,2490,20,261,91,23,795,129,446,77
Aug-22,Garissa County,5598,344,20,15,100,1486,81,880,725
Aug-22,Homa Bay County,2394,26,80,378,21,1479,156,175,64
Aug-22,Isiolo County,770,21,21,4,43,882,15,138,199
Aug-22,Kajiado County,5678,51,297,247,56,2977,215,456,125
Aug-22,Kakamega County,8260,34,355,279,91,3198,383,690,153
Aug-22,Kericho County,1962,,29,12,3,2162,153,296,46
Aug-22,Kiambu County,7074,71,513,323,51,4343,726,1061,110
Aug-22,Kilifi County,6846,20,1266,380,238,10216,417,1960,495
Aug-22,Kirinyaga County,2318,,73,22,20,1689,187,503,44
Aug-22,Vihiga County,2486,28,248,57,93,655,106,334,47
Aug-22,Uasin Gishu County,5845,,547,130,110,3157,627,592,87
Aug-22,Turkana County,10434,27,760,202,585,6843,290,2432,2932
Aug-22,Trans Nzoia County,2411,188,205,114,17,759,237,568,174
Aug-22,Tharaka Nithi County,1815,1,331,121,13,782,205,447,68
Aug-22,Tana River County,1922,151,63,5,59,1826,44,457,264
Aug-22,Taita Taveta County,1655,,324,202,68,771,266,688,187
Aug-22,Siaya County,2712,,26,2,7,1544,72,100,27
Aug-22,Samburu County,2552,9,93,6,95,2158,64,569,697
Aug-22,Nyeri County,2777,10,252,143,52,1001,335,487,76
Aug-22,Nyandarua County,2408,,142,140,13,789,147,305,34
Aug-22,Nyamira County,2055,2,34,119,6,870,225,49,7
Aug-22,Narok County,4920,26,66,22,9,2387,88,149,38
Aug-22,Nandi County,2663,6,129,39,62,1019,107,301,66
Aug-22,Nakuru County,10113,122,501,242,68,5190,695,1305,148
Aug-22,Nairobi County,16350,205,1555,644,144,6769,1383,2986,550
Aug-22,Muranga County,4636,12,524,249,75,1140,417,860,138
Aug-22,Mombasa County,3033,224,422,97,131,3107,231,1059,231
Aug-22,Migori County,6570,1,86,45,18,2540,79,186,80
Aug-22,Meru County,3588,43,164,104,96,1373,188,349,67
Aug-22,Marsabit County,1991,21,286,26,403,1250,78,680,1014
Aug-22,Mandera County,2291,236,228,135,162,6172,299,421,652
Aug-22,Makueni County,6338,8,354,108,70,1872,193,694,163
Aug-22,Machakos County,5738,116,63,3,99,2461,303,863,177
Aug-22,Lamu County,264,,21,7,2,1074,33,88,39
Aug-22,Laikipia County,2407,8,121,173,24,1449,342,450,61
Aug-22,Kwale County,6376,107,595,121,273,3813,323,777,385
Aug-22,Kitui County,4127,2,487,195,215,1730,256,819,278
Aug-22,Kisumu County,4633,109,217,129,84,2000,187,434,167
Aug-22,Kisii County,2379,,48,39,5,1627,128,83,28
Aug-22,Wajir County,6769,667,14,1,131,2890,112,497,803
Aug-22,West Pokot County,3809,23,42,9,79,2021,38,226,101
Sep-22,Baringo County,4503,2,230,144,151,2550,130,876,413
Sep-22,Bomet County,893,,2,,5,1669,78,192,39
Sep-22,Bungoma County,6669,14,77,61,11,2300,217,300,75
Sep-22,Busia County,4084,,410,184,105,1411,273,544,84
Sep-22,Elgeyo Marakwet County,1903,,80,29,5,1397,38,131,5
Sep-22,Embu County,2927,21,293,110,28,957,118,519,138
Sep-22,Garissa County,9765,358,4,4,81,1784,45,1054,1418
Sep-22,Homa Bay County,3612,34,159,213,35,1677,208,313,79
Sep-22,Isiolo County,1004,115,42,5,120,1205,72,217,346
Sep-22,Kajiado County,6193,78,238,192,83,3127,167,603,194
Sep-22,Kakamega County,9921,47,297,139,67,3074,337,672,265
Sep-22,Kericho County,1627,,12,7,1,1700,130,369,111
Sep-22,Kiambu County,8134,166,538,826,75,4597,715,1529,106
Sep-22,Kilifi County,7738,87,1539,383,257,6350,387,2230,540
Sep-22,Kirinyaga County,2241,2,109,49,24,2313,223,492,51
Sep-22,Vihiga County,3229,45,276,58,280,634,121,344,77
Sep-22,Uasin Gishu County,7223,,388,167,42,3459,299,834,185
Sep-22,Turkana County,9244,315,1255,392,680,7629,420,3459,3322
Sep-22,Trans Nzoia County,3028,379,234,136,30,780,270,452,70
Sep-22,Tharaka Nithi County,1944,,309,111,88,782,182,459,91
Sep-22,Tana River County,3139,396,136,8,185,1746,33,601,496
Sep-22,Taita Taveta County,1751,,266,162,73,992,205,575,136
Sep-22,Siaya County,3693,4,14,66,9,1279,60,117,27
Sep-22,Samburu County,1537,19,94,23,44,2043,24,533,637
Sep-22,Nyeri County,3577,17,225,151,44,1049,536,700,92
Sep-22,Nyandarua County,2004,,162,113,7,772,206,466,36
Sep-22,Nyamira County,2133,,70,41,6,868,50,73,7
Sep-22,Narok County,5574,31,49,38,324,2111,138,233,79
Sep-22,Nandi County,2183,7,108,38,15,937,128,399,179
Sep-22,Nakuru County,10756,264,552,314,82,5181,526,1273,198
Sep-22,Nairobi County,20906,413,1857,1172,434,8791,1426,3334,586
Sep-22,Muranga County,4637,4,615,258,190,1470,354,861,155
Sep-22,Mombasa County,4186,462,1150,140,142,3896,254,1064,236
Sep-22,Migori County,7971,65,167,124,168,2696,241,245,188
Sep-22,Meru County,3859,41,200,130,46,1560,269,414,52
Sep-22,Marsabit County,13565,368,440,14,225,1538,25,1302,2529
Sep-22,Mandera County,2186,332,159,77,154,7127,263,598,795
Sep-22,Makueni County,7324,61,484,123,179,2428,206,792,340
Sep-22,Machakos County,6083,90,60,15,131,2564,341,1118,180
Sep-22,Lamu County,302,,15,3,6,865,25,59,15
Sep-22,Laikipia County,2452,40,132,114,31,1565,317,345,66
Sep-22,Kwale County,6045,202,610,123,414,3227,300,1017,433
Sep-22,Kitui County,4266,12,812,184,219,1858,231,813,349
Sep-22,Kisumu County,5457,238,204,65,65,2156,190,440,102
Sep-22,Kisii County,3450,,38,43,35,1808,73,79,18
Sep-22,Wajir County,7386,2004,4,8,213,2968,123,839,1383
Sep-22,West Pokot County,4749,36,70,17,48,2597,72,415,150
Oct-22,Baringo County,16913,20,423,49,266,2594,111,657,554
Oct-22,Bomet County,895,,35,8,8,1377,80,137,18
Oct-22,Bungoma County,7073,7,94,72,30,2331,488,328,77
Oct-22,Busia County,3632,2,356,138,82,1424,246,580,114
Oct-22,Elgeyo Marakwet County,2601,,83,61,6,1387,57,135,15
Oct-22,Embu County,5813,70,215,126,32,1479,160,496,106
Oct-22,Garissa County,9657,230,14,71,341,1764,59,755,1021
Oct-22,Homa Bay County,3790,50,172,119,35,1948,227,302,70
Oct-22,Isiolo County,3453,138,33,2,143,1197,28,290,358
Oct-22,Kajiado County,9966,110,285,484,132,3238,181,1157,590
Oct-22,Kakamega County,10079,71,255,158,90,3272,302,895,325
Oct-22,Kericho County,2030,,18,134,7,2088,169,426,49
Oct-22,Kiambu County,18765,255,421,275,49,5686,684,1450,164
Oct-22,Kilifi County,8146,236,1605,398,419,5042,441,2265,664
Oct-22,Kirinyaga County,2009,1,96,25,10,2022,221,435,61
Oct-22,Vihiga County,2887,18,403,20,44,715,84,282,64
Oct-22,Uasin Gishu County,40781,,525,71,39,3567,284,1225,99
Oct-22,Turkana County,10645,458,1357,378,922,5964,367,4284,3712
Oct-22,Trans Nzoia County,2701,420,216,176,29,893,310,460,72
Oct-22,Tharaka Nithi County,1789,,224,95,44,753,143,435,76
Oct-22,Tana River County,16038,617,322,30,252,2007,118,843,658
Oct-22,Taita Taveta County,1623,1,380,156,67,914,221,1209,226
Oct-22,Siaya County,4185,,22,31,25,2034,136,201,62
Oct-22,Samburu County,2742,138,102,17,183,3292,25,646,862
Oct-22,Nyeri County,3315,45,241,247,46,1069,390,630,72
Oct-22,Nyandarua County,2028,,177,79,12,989,163,343,37
Oct-22,Nyamira County,1980,,57,47,12,831,60,72,12
Oct-22,Narok County,6654,30,93,37,16,2553,162,604,75
Oct-22,Nandi County,2329,,107,76,16,991,80,443,88
Oct-22,Nakuru County,9925,240,417,217,114,5796,547,997,195
Oct-22,Nairobi County,30590,373,2547,992,250,11097,1358,3278,518
Oct-22,Muranga County,5911,6,596,264,101,2056,420,1070,185
Oct-22,Mombasa County,3569,427,552,95,104,2915,241,1327,244
Oct-22,Migori County,7642,41,147,61,61,2347,125,364,77
Oct-22,Meru County,4150,40,154,171,25,1745,184,482,51
Oct-22,Marsabit County,2977,37,757,16,409,1228,36,1057,1530
Oct-22,Mandera County,2333,410,158,128,315,6274,246,549,808
Oct-22,Makueni County,8834,109,539,123,369,2303,211,1086,538
Oct-22,Machakos County,12076,81,25,15,142,3369,364,1091,219
Oct-22,Lamu County,265,,45,31,11,754,24,70,18
Oct-22,Laikipia County,2672,39,384,193,68,1486,429,539,229
Oct-22,Kwale County,8898,427,676,189,426,2618,335,1561,682
Oct-22,Kitui County,5933,8,4398,150,288,2242,181,1091,582
Oct-22,Kisumu County,6174,218,1099,784,301,2535,182,1198,227
Oct-22,Kisii County,3174,,61,38,19,1964,104,101,16
Oct-22,Wajir County,33469,4123,8,3,114,2966,285,1434,2568
Oct-22,West Pokot County,4354,40,59,140,47,2269,37,365,152
Nov-22,Baringo County,30446,19,533,58,317,3171,179,879,992
Nov-22,Bomet County,825,,6,7,3,1276,64,80,24
Nov-22,Bungoma County,13741,18,155,88,33,2482,272,366,158
Nov-22,Busia County,4413,,485,164,59,1662,230,614,102
Nov-22,Elgeyo Marakwet County,37508,,69,38,6,1766,38,110,5
Nov-22,Embu County,32845,43,346,112,32,1160,161,577,120
Nov-22,Garissa County,9470,347,26,13,104,2689,48,986,1089
Nov-22,Homa Bay County,92639,58,199,119,23,1840,178,330,55
Nov-22,Isiolo County,3826,55,19,1,88,1147,65,200,285
Nov-22,Kajiado County,87167,111,375,109,133,3210,202,1316,542
Nov-22,Kakamega County,13354,40,329,157,67,3411,289,903,148
Nov-22,Kericho County,2438,,16,18,11,2283,201,406,91
Nov-22,Kiambu County,111159,112,660,316,120,4858,742,1460,289
Nov-22,Kilifi County,86916,128,1839,347,463,6146,360,2120,696
Nov-22,Kirinyaga County,39484,,107,32,13,1809,201,456,59
Nov-22,Vihiga County,3182,33,187,56,27,573,129,253,93
Nov-22,Uasin Gishu County,53766,,265,54,49,3933,257,831,134
Nov-22,Turkana County,62519,608,897,224,1034,6526,639,4772,4403
Nov-22,Trans Nzoia County,5134,474,168,170,22,1217,357,467,49
Nov-22,Tharaka Nithi County,20160,11,203,109,22,849,169,408,55
Nov-22,Tana River County,2079,326,256,31,239,2145,40,805,773
Nov-22,Taita Taveta County,25979,4,335,70,86,835,201,687,204
Nov-22,Siaya County,92779,,18,37,5,1446,77,130,51
Nov-22,Samburu County,24969,322,151,1,120,3566,75,774,1005
Nov-22,Nyeri County,35175,50,243,193,22,1095,501,638,61
Nov-22,Nyandarua County,38462,,171,61,9,1063,202,317,62
Nov-22,Nyamira County,42587,,115,38,3,899,65,83,11
Nov-22,Narok County,100263,49,25,134,44,3490,102,133,55
Nov-22,Nandi County,20987,5,96,37,46,1213,117,236,28
Nov-22,Nakuru County,97659,282,406,174,48,5840,530,1193,220
Nov-22,Nairobi County,290543,349,1981,905,236,10510,1359,3376,756
Nov-22,Muranga County,31893,16,436,336,79,1891,361,886,131
Nov-22,Mombasa County,47602,317,471,134,64,3254,305,1175,183
Nov-22,Migori County,42024,62,112,55,81,2393,120,257,164
Nov-22,Meru County,83892,35,152,125,43,1894,225,340,61
Nov-22,Marsabit County,12634,138,376,57,361,1360,42,956,1659
Nov-22,Mandera County,3164,362,120,28,152,6512,258,531,714
Nov-22,Makueni County,49768,83,556,103,319,2332,223,1278,663
Nov-22,Machakos County,102167,97,26,17,88,3342,295,933,205
Nov-22,Lamu County,380,,43,13,4,870,19,144,9
Nov-22,Laikipia County,35642,8,222,185,40,769,348,421,44
Nov-22,Kwale County,55096,465,729,154,411,2915,289,1547,719
Nov-22,Kitui County,95906,47,729,129,309,2339,202,1988,927
Nov-22,Kisumu County,42358,201,87,45,48,2568,188,420,205
Nov-22,Kisii County,4393,4,33,28,15,1934,95,98,30
Nov-22,Wajir County,8714,1804,5,60,158,3696,157,826,1426
Nov-22,West Pokot County,14215,35,70,29,61,2665,90,385,144
Dec-22,Baringo County,5039,7,462,52,760,2337,94,976,998
Dec-22,Bomet County,616,2,2,2,6,1309,58,98,13
Dec-22,Bungoma County,10437,18,66,73,23,2799,229,403,87
Dec-22,Busia County,3565,,354,104,37,1512,195,531,76
Dec-22,Elgeyo Marakwet County,1430,,42,48,6,1788,58,81,15
Dec-22,Embu County,2787,85,246,79,49,1027,149,462,69
Dec-22,Garissa County,10193,244,108,15,361,3069,348,1018,1292
Dec-22,Homa Bay County,16184,15,244,107,13,1709,103,180,45
Dec-22,Isiolo County,1948,84,113,31,118,1425,22,222,361
Dec-22,Kajiado County,8768,200,449,58,146,3251,150,945,662
Dec-22,Kakamega County,103232,26,295,109,55,3186,267,554,128
Dec-22,Kericho County,1858,,17,11,7,2364,126,303,32
Dec-22,Kiambu County,7463,254,464,307,57,4871,514,1269,135
Dec-22,Kilifi County,6062,76,1393,316,330,5597,348,2185,676
Dec-22,Kirinyaga County,1965,,84,19,9,1571,134,489,45
Dec-22,Vihiga County,5770,21,158,256,27,505,86,317,59
Dec-22,Uasin Gishu County,8624,,356,98,43,4377,189,1035,146
Dec-22,Turkana County,38896,226,689,198,1461,6656,279,3775,3792
Dec-22,Trans Nzoia County,139294,388,223,141,9,1141,239,415,74
Dec-22,Tharaka Nithi County,1896,30,208,92,35,1250,155,394,48
Dec-22,Tana River County,4550,639,433,7,259,1852,33,1111,1075
Dec-22,Taita Taveta County,2191,6,153,86,53,1022,151,507,130
Dec-22,Siaya County,3896,1,30,7,20,1553,87,141,48
Dec-22,Samburu County,1729,131,89,26,59,3073,13,331,539
Dec-22,Nyeri County,9894,19,217,223,28,800,465,573,58
Dec-22,Nyandarua County,2253,,113,82,20,958,199,283,37
Dec-22,Nyamira County,1833,,52,35,3,797,39,84,64
Dec-22,Narok County,6803,42,100,189,43,2825,97,259,86
Dec-22,Nandi County,1488,21,144,55,3,1093,167,249,27
Dec-22,Nakuru County,7850,238,440,265,49,4972,564,1101,146
Dec-22,Nairobi County,54845,338,1741,1142,705,8159,1341,3741,477
Dec-22,Muranga County,4770,20,436,171,100,1791,273,797,112
Dec-22,Mombasa County,3275,316,385,65,121,3487,275,1209,279
Dec-22,Migori County,6825,47,112,56,109,2024,128,239,104
Dec-22,Meru County,24349,17,281,103,39,2066,288,422,66
Dec-22,Marsabit County,6392,148,38,36,107,1291,52,852,1111
Dec-22,Mandera County,7862,430,186,27,116,7692,158,441,529
Dec-22,Makueni County,6228,172,550,63,320,2797,122,1219,954
Dec-22,Machakos County,5182,128,46,50,270,3876,329,1073.3,171
Dec-22,Lamu County,303,,20,13,4,866,12,56,24
Dec-22,Laikipia County,2620,24,282,216,57,1211,451,531,100
Dec-22,Kwale County,5565,254,548,97,369,2916,316,1269,654
Dec-22,Kitui County,6614,2,693,127,387,2774,314,1493,789
Dec-22,Kisumu County,5054,188,99,65,28,2409,173,547,148
Dec-22,Kisii County,3417,3,66,131,26,1565,69,181,28
Dec-22,Wajir County,13620,1448,3,11,331,5212,129,964,1289
Dec-22,West Pokot County,9610,36,85,7,73,2791,42,320,102
Jan-21,Baringo County,1917,4,66,555,17,895,78,90,21
Jan-21,Bomet County,1306,,40,17,33,4255,58,96,33
Jan-21,Bungoma County,4367,,46,44,22,2045,154,190,54
Jan-21,Busia County,885,,149,883,7,514,70,70,13
Jan-21,Elgeyo Marakwet County,1767,,56,53,2,1881,58,85,11
Jan-21,Embu County,817,10,15,4,,384,83,211,13
Jan-21,Garissa County,4888,65,37,6,67,1514,64,370,253
Jan-21,Homa Bay County,1377,9,56,165,8,829,31,184,126
Jan-21,Isiolo County,1093,28,24,1,55,892,24,105,97
Jan-21,Kajiado County,4866,63,147,77,43,2690,170,264,3256
Jan-21,Kakamega County,5500,18,42,33,17,2044,129,169,83
Jan-21,Kericho County,599,,,,1,1034,55,149,27
Jan-21,Kiambu County,4362,3,142,83,12,3274,368,525,95
Jan-21,Kilifi County,2482,1,444,145,216,2960,212,813,128
Jan-21,Kirinyaga County,1666,,76,18,5,2804,68,316,196
Jan-21,Vihiga County,1254,18,78,9,2,198,19,35,7
Jan-21,Uasin Gishu County,2660,,181,149,10,3859,174,291,33
Jan-21,Turkana County,7529,79,280,106,139,5409,218,1236,1181
Jan-21,Trans Nzoia County,305,,7,89,6,704,36,24,10
Jan-21,Tharaka Nithi County,2484,23,56,69,38,1045,77,199,40
Jan-21,Tana River County,1208,114,77,26,29,1670,52,276,130
Jan-21,Taita Taveta County,211,,32,4,8,251,50,36,15
Jan-21,Siaya County,1927,,,6,3,920,41,93,19
Jan-21,Samburu County,2100,9,63,19,28,1630,33,224,161
Jan-21,Nyeri County,3255,10,156,133,15,1482,279,327,46
Jan-21,Nyandarua County,2623,,53,43,14,909,86,162,27
Jan-21,Nyamira County,1146,,10,44,1,597,42,64,11
Jan-21,Narok County,6303,22,64,41,33,2827,86,374,42
Jan-21,Nandi County,1618,2,9,19,26,843,29,50,12
Jan-21,Nakuru County,9728,49,967,309,42,7620,912,1568,163
Jan-21,Nairobi County,14049,224,1782,513,268,6598,853,2002,317
Jan-21,Muranga County,4902,,465,140,33,2158,220,529,54
Jan-21,Mombasa County,1963,54,159,109,6,1734,277,671,71
Jan-21,Migori County,7981,27,20,8,2,1002,33,64,6
Jan-21,Meru County,1872,19,45,93,19,1131,144,111,29
Jan-21,Marsabit County,2212,23,99,35,206,1947,67,253,433
Jan-21,Mandera County,3986,23,123,42,137,5216,116,399,512
Jan-21,Makueni County,4054,5,596,80,85,1507,99,393,114
Jan-21,Machakos County,4748,199,127,63,109,3631,321,681,146
Jan-21,Lamu County,162,,3,,,530,6,26,5
Jan-21,Laikipia County,10948,,113,137,69,1647,176,248,31
Jan-21,Kwale County,34623,4,204,31,41,544,47,308,50
Jan-21,Kitui County,1593,2,109,35,37,928,106,269,79
Jan-21,Kisumu County,1893,11,29,6,27,2580,191,192,50
Jan-21,Kisii County,774,,12,4,12,678,128,81,131
Jan-21,Wajir County,5854,354,179,16,252,2146,55,535,524
Jan-21,West Pokot County,2630,28,41,26,16,2371,38,170,86
Feb-21,Baringo County,4376,1,114,34,24,1599,72,212,107
Feb-21,Bomet County,1428,,10,3,6,3691,47,42,11
Feb-21,Bungoma County,7537,,133,52,40,3582,340,444,117
Feb-21,Busia County,1937,3,104,53,15,737,114,183,30
Feb-21,Elgeyo Marakwet County,3860,,121,69,26,2734,106,403,51
Feb-21,Embu County,2889,36,169,115,36,768,152,503,64
Feb-21,Garissa County,6436,123,47,11,47,1716,65,290,356
Feb-21,Homa Bay County,3368,5,103,152,49,1838,90,263,65
Feb-21,Isiolo County,1074,29,69,8,49,950,14,118,121
Feb-21,Kajiado County,5538,50,170,108,30,4174,211,306,60
Feb-21,Kakamega County,10379,,78,40,18,3444,167,359,400
Feb-21,Kericho County,1581,,7,,4,3125,87,229,42
Feb-21,Kiambu County,5934,149,528,157,33,4954,436,941,112
Feb-21,Kilifi County,2890,,466,173,100,4498,211,798,185
Feb-21,Kirinyaga County,1604,,65,43,21,1902,97,233,48
Feb-21,Vihiga County,1074,29,38,23,8,247,28,67,25
Feb-21,Uasin Gishu County,6270,,342,96,48,5442,226,556,28
Feb-21,Turkana County,8635,150,244,65,189,6372,345,1383,1161
Feb-21,Trans Nzoia County,1093,,7,9,,732,34,24,1
Feb-21,Tharaka Nithi County,2502,15,94,64,22,940,123,203,31
Feb-21,Tana River County,1524,95,108,67,64,1834,44,309,102
Feb-21,Taita Taveta County,319,,40,6,8,255,19,68,11
Feb-21,Siaya County,2331,,15,8,4,1313,60,95,38
Feb-21,Samburu County,2025,,89,7,25,1704,87,267,207
Feb-21,Nyeri County,3536,7,157,144,18,1384,210,403,51
Feb-21,Nyandarua County,3018,,169,82,13,947,132,174,32
Feb-21,Nyamira County,1712,9,46,26,5,784,49,75,28
Feb-21,Narok County,6502,18,105,54,25,2510,78,147,63
Feb-21,Nandi County,4090,85,56,35,7,1763,68,206,19
Feb-21,Nakuru County,10104,94,276,393,58,7304,750,1256,156
Feb-21,Nairobi County,19529,324,1684,1742,329,9130,967,2869,775
Feb-21,Muranga County,5995,4,386,171,49,2143,273,562,106
Feb-21,Mombasa County,2215,25,180,132,23,2306,268,783,128
Feb-21,Migori County,2257,16,19,25,9,1281,46,154,24
Feb-21,Meru County,3380,20,88,54,71,2529,171,253,67
Feb-21,Marsabit County,2388,22,374,76,99,1792,60,493,459
Feb-21,Mandera County,3572,18,60,12,64,3894,188,427,411
Feb-21,Makueni County,7391,9,274,120,64,3291,124,682,154
Feb-21,Machakos County,4842,193,51,90,74,4122,354,719,180
Feb-21,Lamu County,191,,8,,,823,11,16,10
Feb-21,Laikipia County,2389,45,148,147,42,1426,318,377,61
Feb-21,Kwale County,6809,24,484,77,199,2723,156,752,329
Feb-21,Kitui County,5654,2,398,169,148,2523,149,674,379
Feb-21,Kisumu County,2703,38,21,60,4,2177,116,297,62
Feb-21,Kisii County,1576,,33,44,3,1325,163,194,10
Feb-21,Wajir County,7706,580,105,7,254,1969,55,460,477
Feb-21,West Pokot County,2567,44,28,32,22,2477,69,102,45
Mar-21,Baringo County,4291,8,150,63,55,2331,92,308,132
Mar-21,Bomet County,1291,,4,2,,2582,64,142,14
Mar-21,Bungoma County,11159,,67,88,36,3464,529,401,175
Mar-21,Busia County,9630,20,288,147,82,2147,272,558,342
Mar-21,Elgeyo Marakwet County,2116,,309,169,5,2783,147,239,32
Mar-21,Embu County,9178,37,263,79,46,1160,125,502,64
Mar-21,Garissa County,6944,93,13,10,49,1362,103,418,437
Mar-21,Homa Bay County,4504,16,230,141,34,2314,144,371,63
Mar-21,Isiolo County,1071,25,16,11,24,788,18,131,72
Mar-21,Kajiado County,7161,43,320,460,39,5545,241,443,120
Mar-21,Kakamega County,12481,11,262,190,136,4281,243,1124,271
Mar-21,Kericho County,1625,,19,36,8,3136,136,246,24
Mar-21,Kiambu County,6722,141,411,408,57,6831,593,1188,148
Mar-21,Kilifi County,7674,4,1236,368,197,8612,464,1959,411
Mar-21,Kirinyaga County,2110,,98,23,4,2095,112,355,33
Mar-21,Vihiga County,2865,28,120,43,29,816,117,295,80
Mar-21,Uasin Gishu County,7092,,342,775,13,6813,302,604,54
Mar-21,Turkana County,16440,92,354,101,283,6862,373,1345,1361
Mar-21,Trans Nzoia County,2138,2,169,107,9,2135,176,325,40
Mar-21,Tharaka Nithi County,2608,14,88,54,35,1094,124,278,48
Mar-21,Tana River County,1633,151,193,84,86,1688,53,382,212
Mar-21,Taita Taveta County,1877,14,206,65,65,659,98,359,143
Mar-21,Siaya County,5766,,10,146,2,2137,121,131,35
Mar-21,Samburu County,1365,16,103,15,18,2070,18,239,188
Mar-21,Nyeri County,3061,9,201,200,22,1407,230,390,82
Mar-21,Nyandarua County,2374,,55,72,7,1217,100,204,23
Mar-21,Nyamira County,2008,,6,45,4,1011,24,58,6
Mar-21,Narok County,7225,25,105,71,18,2227,114,168,55
Mar-21,Nandi County,4946,23,85,36,15,2008,98,256,45
Mar-21,Nakuru County,9578,79,321,221,57,7239,1158,1388,266
Mar-21,Nairobi County,17603,291,1774,756,319,10302,1170,5348,577
Mar-21,Muranga County,4975,6,529,463,92,1860,493,919,278
Mar-21,Mombasa County,3331,174,230,164,15,3948,371,1146,152
Mar-21,Migori County,6848,35,51,19,24,3171,108,147,37
Mar-21,Meru County,3528,22,228,162,43,2724,230,308,57
Mar-21,Marsabit County,2920,109,273,29,248,2200,189,675,697
Mar-21,Mandera County,3460,72,60,32,34,4608,104,371,402
Mar-21,Makueni County,8419,10,340,48,203,2886,116,721,235
Mar-21,Machakos County,5437,176,50,31,103,4118,374,895,227
Mar-21,Lamu County,294,,37,5,,710,22,53,18
Mar-21,Laikipia County,2143,48,135,152,30,1509,310,365,54
Mar-21,Kwale County,8138,65,547,186,326,3254,211,967,499
Mar-21,Kitui County,5920,6,328,72,254,2443,357,589,307
Mar-21,Kisumu County,6782,56,101,91,82,3747,197,439,134
Mar-21,Kisii County,4585,,179,152,14,2376,290,209,42
Mar-21,Wajir County,6749,539,41,1,170,2346,55,384,522
Mar-21,West Pokot County,2762,25,76,60,25,2179,140,256,61
Apr-21,Baringo County,3306,4,145,72,29,1847,101,308,157
Apr-21,Bomet County,944,,3,,14,2336,71,127,12
Apr-21,Bungoma County,7186,,132,107,84,2886,255,327,126
Apr-21,Busia County,4997,20,352,90,138,1465,197,536,193
Apr-21,Elgeyo Marakwet County,1699,,104,102,7,1867,59,265,13
Apr-21,Embu County,2349,,227,105,54,762,184,469,53
Apr-21,Garissa County,7073,95,24,5,28,1756,116,315,610
Apr-21,Homa Bay County,3209,69,145,68,18,1410,207,241,51
Apr-21,Isiolo County,874,35,41,99,99,734,53,109,139
Apr-21,Kajiado County,5459,87,197,258,34,3365,203,332,78
Apr-21,Kakamega County,10098,16,84,649,24,3713,387,340,66
Apr-21,Kericho County,1583,,2,1,5,2340,98,202,70
Apr-21,Kiambu County,7076,137,352,596,57,4226,619,1302,118
Apr-21,Kilifi County,6301,4,869,309,181,6005,521,1592,312
Apr-21,Kirinyaga County,1762,,142,39,5,1504,112,367,50
Apr-21,Vihiga County,2349,29,130,61,25,563,102,231,41
Apr-21,Uasin Gishu County,4935,1,188,764,16,5115,276,517,49
Apr-21,Turkana County,15382,337,289,110,209,7586,240,1503,1426
Apr-21,Trans Nzoia County,1518,22,146,109,13,1735,192,272,32
Apr-21,Tharaka Nithi County,1669,13,106,28,49,758,86,476,63
Apr-21,Tana River County,2271,273,142,18,41,1193,84,353,158
Apr-21,Taita Taveta County,1968,18,173,63,73,604,109,294,117
Apr-21,Siaya County,4132,,42,32,11,1526,299,128,43
Apr-21,Samburu County,1139,,48,90,49,1639,37,1047,324
Apr-21,Nyeri County,2540,5,383,179,13,822,266,799,66
Apr-21,Nyandarua County,2060,,117,83,13,754,146,214,51
Apr-21,Nyamira County,2160,,35,84,1,849,45,95,6
Apr-21,Narok County,4907,24,54,42,20,2211,93,169,81
Apr-21,Nandi County,3762,16,88,45,9,1529,82,208,31
Apr-21,Nakuru County,8719,62,552,332,64,4825,831,1141,132
Apr-21,Nairobi County,18502,446,1801,721,163,8168,1193,2846,463
Apr-21,Muranga County,5422,1,323,270,59,1137,329,577,65
Apr-21,Mombasa County,2727,118,536,197,41,2667,343,994,176
Apr-21,Migori County,6171,27,45,24,14,3093,85,165,29
Apr-21,Meru County,3199,20,110,71,322,2350,268,370,32
Apr-21,Marsabit County,4045,91,205,33,158,1726,106,636,661
Apr-21,Mandera County,3664,99,67,34,66,4479,181,388,536
Apr-21,Makueni County,5775,10,343,85,105,1896,166,637,172
Apr-21,Machakos County,5106,233,40,79,80,2848,347,842,132
Apr-21,Lamu County,258,,11,27,5,603,21,42,17
Apr-21,Laikipia County,1848,66,205,193,45,1001,389,436,111
Apr-21,Kwale County,22202,44,537,173,413,2541,207,938,584
Apr-21,Kitui County,4588,,388,431,99,1746,192,549,212
Apr-21,Kisumu County,5061,38,49,33,93,2491,185,432,150
Apr-21,Kisii County,2451,,56,468,14,1835,194,195,28
Apr-21,Wajir County,9840,584,125,36,272,2610,84,455,697
Apr-21,West Pokot County,2765,39,62,143,23,2426,43,250,79
May-21,Baringo County,13782,2,161,70,71,2131,98,391,110
May-21,Bomet County,1336,,11,4,2,2201,71,71,36
May-21,Bungoma County,9139,,46,268,59,3033,267,500,169
May-21,Busia County,5059,14,216,105,74,1719,197,391,168
May-21,Elgeyo Marakwet County,3497,,83,73,22,1690,87,228,113
May-21,Embu County,37043,10,255,348,227,961,161,697,80
May-21,Garissa County,6103,98,37,8,30,1828,102,536,383
May-21,Homa Bay County,3137,14,124,208,34,1332,147,363,50
May-21,Isiolo County,3280,11,19,5,95,922,20,90,124
May-21,Kajiado County,5632,50,178,81,41,3612,180,262,108
May-21,Kakamega County,10716,3,116,39,85,4701,150,467,361
May-21,Kericho County,1906,,2,6,2,1612,99,644,33
May-21,Kiambu County,20477,93,417,315,108,4929,660,1290,176
May-21,Kilifi County,127503,3,782,173,209,8403,348,1519,308
May-21,Kirinyaga County,1765,,152,51,19,2195,107,698,58
May-21,Vihiga County,2361,29,107,37,55,644,55,199,57
May-21,Uasin Gishu County,70708,,185,146,17,6443,280,478,46
May-21,Turkana County,37504,167,353,87,220,8708,191,1448,1401
May-21,Trans Nzoia County,1528,,128,198,15,1697,176,210,34
May-21,Tharaka Nithi County,23677,14,91,59,26,993,125,313,72
May-21,Tana River County,1398,79,160,32,54,1235,35,326,201
May-21,Taita Taveta County,31430,,343,45,53,783,159,377,133
May-21,Siaya County,30485,,31,8,86,2241,86,213,598
May-21,Samburu County,17181,,33,10,29,2101,80,248,282
May-21,Nyeri County,4571,12,265,183,18,882,228,417,88
May-21,Nyandarua County,19963,,83,64,13,664,141,235,30
May-21,Nyamira County,5602,,28,47,4,888,66,129,18
May-21,Narok County,6196,29,212,59,21,2201,126,139,63
May-21,Nandi County,21548,16,98,89,29,1320,121,232,39
May-21,Nakuru County,15893,21,365,152,48,5187,636,1199,173
May-21,Nairobi County,91975,264,1528,566,2036,9616,1157,3388,558
May-21,Muranga County,21263,1,321,209,38,1423,318,748,251
May-21,Mombasa County,3103,130,291,177,34,3909,299,1112,173
May-21,Migori County,23069,26,36,24,105,2067,61,104,24
May-21,Meru County,3373,17,103,42,13,2111,198,234,45
May-21,Marsabit County,15936,34,293,20,368,1877,69,745,592
May-21,Mandera County,2693,55,101,57,74,5625,198,527,477
May-21,Makueni County,24638,17,336,79,140,2169,151,624,238
May-21,Machakos County,21059,63,43,65,99,3724,424,757,177
May-21,Lamu County,218,,6,3,,615,10,34,13
May-21,Laikipia County,2322,28,181,220,68,1318,396,428,80
May-21,Kwale County,56028,21,384,169,231,3263,206,650,378
May-21,Kitui County,11182,,277,77,268,1809,172,543,298
May-21,Kisumu County,4996,13,54,25,44,3336,152,326,199
May-21,Kisii County,2875,,178,240,57,1886,251,174,14
May-21,Wajir County,5875,139,67,13,328,2960,65,416,504
May-21,West Pokot County,24290,29,65,11,53,2552,30,184,166
Jun-21,Baringo County,24348,,117,95,122,2705,84,253,175
Jun-21,Bomet County,2022,,2,2,3,2428,63,88,10
Jun-21,Bungoma County,11934,,174,81,37,2888,347,408,543
Jun-21,Busia County,8405,8,278,150,30,1743,151,652,285
Jun-21,Elgeyo Marakwet County,25067,,110,101,31,2581,139,162,52
Jun-21,Embu County,2576,41,389,60,35,922,148,816,75
Jun-21,Garissa County,26915,67,35,5,49,1769,98,447,519
Jun-21,Homa Bay County,3133,5,57,71,6,1084,70,173,13
Jun-21,Isiolo County,21825,12,114,17,65,1024,46,117,121
Jun-21,Kajiado County,16036,38,253,79,123,3052,151,436,71
Jun-21,Kakamega County,43050,,97,44,104,4586,207,455,248
Jun-21,Kericho County,1933,,8,5,4,2933,122,235,24
Jun-21,Kiambu County,7003,85,497,420,111,4228,576,856,202
Jun-21,Kilifi County,104764,10,824,215,241,6633,316,1402,344
Jun-21,Kirinyaga County,1682,,145,67,28,4114,134,394,37
Jun-21,Vihiga County,2160,21,117,32,70,631,77,221,47
Jun-21,Uasin Gishu County,8560,,273,108,176,6029,253,605,81
Jun-21,Turkana County,10137,182,286,157,214,6518,168,1267,1353
Jun-21,Trans Nzoia County,1880,,62,72,26,1789,125,200,42
Jun-21,Tharaka Nithi County,2720,15,162,82,14,662,123,483,38
Jun-21,Tana River County,2688,147,147,7,47,1429,53,357,187
Jun-21,Taita Taveta County,1225,,114,40,86,1802,91,276,236
Jun-21,Siaya County,71121,4,10,8,105,2579,64,369,155
Jun-21,Samburu County,10829,2,38,51,23,2231,68,599,253
Jun-21,Nyeri County,7151,32,210,134,71,821,291,427,66
Jun-21,Nyandarua County,3757,,108,74,4,881,165,225,38
Jun-21,Nyamira County,2499,,33,11,1,779,41,56,7
Jun-21,Narok County,101894,17,90,206,159,2195,132,260,177
Jun-21,Nandi County,6861,15,71,138,27,1771,199,212,332
Jun-21,Nakuru County,82403,39,460,245,102,6824,737,1407,191
Jun-21,Nairobi County,141850,295,1499,738,262,9212,1164,3711,432
Jun-21,Muranga County,4291,1,469,360,34,1205,437,746,119
Jun-21,Mombasa County,3666,281,539,244,39,5232,350,858,168
Jun-21,Migori County,14330,21,52,252,20,2245,83,249,37
Jun-21,Meru County,39597,28,132,76,31,1746,236,222,52
Jun-21,Marsabit County,16681,13,178,17,179,1613,65,395,567
Jun-21,Mandera County,3424,51,113,70,691,5650,272,554,1017
Jun-21,Makueni County,23502,24,296,73,110,1964,137,510,197
Jun-21,Machakos County,5072,155,60,112,60,3038,377,629,171
Jun-21,Lamu County,139,,2,5,,633,15,42,14
Jun-21,Laikipia County,23218,33,262,232,51,1357,402,405,74
Jun-21,Kwale County,6341,28,335,97,243,2584,189,598,342
Jun-21,Kitui County,65676,5,288,153,114,1745,157,501,255
Jun-21,Kisumu County,5628,32,40,18,25,3343,138,358,60
Jun-21,Kisii County,3919,,105,187,7,2325,204,362,23
Jun-21,Wajir County,9815,242,148,13,292,2453,93,345,570
Jun-21,West Pokot County,12700,24,71,13,31,2474,42,205,51
Jul-21,Baringo County,4067,1,113,48,168,2387,250,180,159.5
Jul-21,Bomet County,1362,,2,22,4,3075,97,81,17
Jul-21,Bungoma County,7558,,338,65,19,2037,287,299,228
Jul-21,Busia County,4014,4,216,90,40,1576,199,404,86
Jul-21,Elgeyo Marakwet County,1617,,59,42,5,1992,64,90,8
Jul-21,Embu County,3008,20,265,76,43,783,151,510,94
Jul-21,Garissa County,5896,94,25,100,97,1722,134,357,571
Jul-21,Homa Bay County,3428,43,55,142,14,1794,240,116,21
Jul-21,Isiolo County,805,11,20,8,6,850,23,73,32
Jul-21,Kajiado County,4687,30,255,302,54,2983,167,374,65
Jul-21,Kakamega County,12753,7,119,75,33,3333,249,546,190
Jul-21,Kericho County,2369,,49,48,9,2058,149,313,38
Jul-21,Kiambu County,6438,92,746,451,72,4406,733,973,118
Jul-21,Kilifi County,5834,2,871,318,224,8711,452,1607,382
Jul-21,Kirinyaga County,1739,1,516,104,16,1742,209,441,20
Jul-21,Vihiga County,1579,32,127,41,20,635,84,151,46
Jul-21,Uasin Gishu County,5422,,260,87,168,4397,221,523,29
Jul-21,Turkana County,7780,237,336,131,312,5901,245,1214,1177
Jul-21,Trans Nzoia County,1060,,85,104,13,1502,152,196,29
Jul-21,Tharaka Nithi County,4064,26,187,57,47,599,128,274,57
Jul-21,Tana River County,1719,238,99,11,65,1924,76,399,236
Jul-21,Taita Taveta County,1226,,378,59,78,1174,147,346,149
Jul-21,Siaya County,3277,2,29,22,35,1885,284,219,44
Jul-21,Samburu County,1790,13,125,27,13,1711,98,394,286
Jul-21,Nyeri County,3647,9,232,164,36,900,255,471,58
Jul-21,Nyandarua County,2319,,118,81,20,814,134,223,59
Jul-21,Nyamira County,2823,,67,36,5,841,81,123,10
Jul-21,Narok County,7319,19,95,141,35,1809,99,187,63
Jul-21,Nandi County,7651,,209,77,159,1860,158,319,68
Jul-21,Nakuru County,9921,67,532,233,50,5868,747,2008,980
Jul-21,Nairobi County,21430,278,1600,775,261,8798,1039,2659,431
Jul-21,Muranga County,4190,,310,251,71,1338,351,547,86
Jul-21,Mombasa County,3491,208,245,615,21,4525,252,753,114
Jul-21,Migori County,6811,6,32,40,36,3070,79,91,26
Jul-21,Meru County,5086,29,413,95,23,1419,233,295,2748
Jul-21,Marsabit County,2435,5,290,75,279,1764,90,517,596
Jul-21,Mandera County,3010,103,130,143,117,4287,140,462,439
Jul-21,Makueni County,6733,3,307,126,93,1781,208,563,172
Jul-21,Machakos County,4818,121,42,43,123,2756,490,765,164
Jul-21,Lamu County,297,,31,12,2,789,39,81,33
Jul-21,Laikipia County,3024,36,245,215,50,1407,413,421,73
Jul-21,Kwale County,7575,47,402,213,296,2731,392,719,351
Jul-21,Kitui County,4731,13,255,202,73,1696,205,479,206
Jul-21,Kisumu County,4449,60,97,77,22,2432,405,429,371
Jul-21,Kisii County,2954,,76,254,6,2137,285,120,44
Jul-21,Wajir County,5776,383,78,33,153,2054,58,410,527
Jul-21,West Pokot County,3094,24,23,14,19,2334,46,137,92
Aug-21,Baringo County,3153,2,110,113,53,2465,83,176,144
Aug-21,Bomet County,938,,,5,12,2682,107,128,40
Aug-21,Bungoma County,9795,,154,54,31,2906,346,454,178
Aug-21,Busia County,3875,5,228,106,51,1539,199,436,127
Aug-21,Elgeyo Marakwet County,2158,,82,100,13,1849,71,133,26
Aug-21,Embu County,2971,18,252,136,34,1180,139,542,74
Aug-21,Garissa County,7728,51,94,2,112,1995,129,421,501
Aug-21,Homa Bay County,3017,53,99,74,10,2158,97,201,49
Aug-21,Isiolo County,1243,147,25,207,3,884,14,130,123
Aug-21,Kajiado County,4912,45,314,360,15,2982,141,225,140
Aug-21,Kakamega County,10992,,155,94,102,3290,285,602,127
Aug-21,Kericho County,1998,,66,29,168,2821,161,189,25
Aug-21,Kiambu County,6386,66,584,469,60,5322,722,987,146
Aug-21,Kilifi County,7053,,992,431,183,9181,460,1668,359
Aug-21,Kirinyaga County,1495,,384,120,30,1740,220,499,58
Aug-21,Vihiga County,2862,25,70,34,15,653,97,281,54
Aug-21,Uasin Gishu County,4975,,215,99,16,4132,226,600,29
Aug-21,Turkana County,6836,115,196,133,377,6265,322,1143,1552
Aug-21,Trans Nzoia County,1490,2,122,134,59,1316,159,192,43
Aug-21,Tharaka Nithi County,2183,22,147,64,49,851,110,365,71
Aug-21,Tana River County,1889,135,128,10,40,1915,36,336,229
Aug-21,Taita Taveta County,1956,,154,64,45,1074,160,369,157
Aug-21,Siaya County,3151,,25,14,15,2851,77,155,42
Aug-21,Samburu County,1507,15,66,103,20,1557,81,308,267
Aug-21,Nyeri County,3604,11,281,155,42,973,232,399,90
Aug-21,Nyandarua County,2287,,235,351,33,944,105,234,69
Aug-21,Nyamira County,1868,,42,15,23,1061,77,296,8
Aug-21,Narok County,6018,6,58,103,6,2026,90,500,23
Aug-21,Nandi County,7001,,177,109,26,1837,136,348,150
Aug-21,Nakuru County,13014,40,412,295,37,6610,909,1279,165
Aug-21,Nairobi County,19659,228,2118,752,241,9574,1156,3131,537
Aug-21,Muranga County,4558,,319,317,137,1612,493,565,109
Aug-21,Mombasa County,3013,115,386,184,30,4311,278,812,119
Aug-21,Migori County,7557,16,42,68,51,4119,100,208,57
Aug-21,Meru County,4605,22,119,116,35,1566,1738,287,46
Aug-21,Marsabit County,2783,5,77,40,130,1658,34,445,544
Aug-21,Mandera County,2728,55,81,82,130,4493,108,347,488
Aug-21,Makueni County,6875,10,320,125,125,2123,141,443,281
Aug-21,Machakos County,5463,185,30,53,94,2662,417,732,212
Aug-21,Lamu County,205,,15,9,2,1010,34,76,24
Aug-21,Laikipia County,2426,30,241,258,65,796,416,447,72
Aug-21,Kwale County,7442,37,392,138,274,3404,219,650,412
Aug-21,Kitui County,4560,3,212,218,78,2053,254,495,249
Aug-21,Kisumu County,5086,39,101,26,61,3061,143,627,263
Aug-21,Kisii County,3290,,76,178,22,2506,196,115,27
Aug-21,Wajir County,6742,362,217,25,425,2222,50,604,903
Aug-21,West Pokot County,3744,20,45,47,14,1948,55,169,57
Sep-21,Baringo County,4715,3,134,106,65,2411,164,297,207
Sep-21,Bomet County,1180,,8,7,12,2303,84,95,16
Sep-21,Bungoma County,8857,,120,99,20,2615,574,324,150
Sep-21,Busia County,4273,,253,218,113,1858,396,401,988
Sep-21,Elgeyo Marakwet County,1513,,85,53,4,1557,66,123,7
Sep-21,Embu County,3000,52,278,96,64,1113,169,593,99
Sep-21,Garissa County,7624,113,21,3,113,1896,77,251,381
Sep-21,Homa Bay County,2265,6,88,75,5,1220,82,105,51
Sep-21,Isiolo County,746,46,29,62,50,925,50,199,163
Sep-21,Kajiado County,6776,82,459,120,54,3468,161,371,136
Sep-21,Kakamega County,9471,1,154,76,33,3147,256,382,211
Sep-21,Kericho County,1916,,21,43,11,9729,166,242,62
Sep-21,Kiambu County,6231,74,543,609,72,5607,654,970,129
Sep-21,Kilifi County,7235,1,903,287,187,6971,362,1448,400
Sep-21,Kirinyaga County,1470,,263,116,17,1665,290,575,52
Sep-21,Vihiga County,3033,38,361,30,26,668,68,220,83
Sep-21,Uasin Gishu County,5917,,179,147,15,3600,213,623,30
Sep-21,Turkana County,9208,207,379,188,274,5840,327,1494,2964
Sep-21,Trans Nzoia County,1670,3,118,160,25,1127,155,227,27
Sep-21,Tharaka Nithi County,2234,10,179,86,197,951,127,331,61
Sep-21,Tana River County,1716,156,148,10,36,1575,42,498,235
Sep-21,Taita Taveta County,5741,3,140,64,87,714,123,448,203
Sep-21,Siaya County,4924,,22,8,49,1514,63,124,15
Sep-21,Samburu County,1319,1,56,15,27,1835,53,892,211
Sep-21,Nyeri County,3356,14,205,155,12,935,249,453,34
Sep-21,Nyandarua County,2325,,89,77,17,964,106,213,49
Sep-21,Nyamira County,3068,,73,81,12,1270,83,88,18
Sep-21,Narok County,5333,19,77,265,13,2301,113,179,47
Sep-21,Nandi County,4241,7,273,79,107,1552,148,433,205
Sep-21,Nakuru County,12040,56,350,273,116,6135,783,1190,136
Sep-21,Nairobi County,20609,349,1599,694,387,12455,1361,2716,477
Sep-21,Muranga County,4811,,475,370,69,1331,396,685,118
Sep-21,Mombasa County,3059,106,294,170,47,3100,320,818,125
Sep-21,Migori County,7721,27,70,37,25,3750,124,242,85
Sep-21,Meru County,4568,23,118,73,46,1481,205,360,32
Sep-21,Marsabit County,2453,43,90,17,105,1738,63,482,680
Sep-21,Mandera County,3234,66,50,89,65,4412,179,498,570
Sep-21,Makueni County,9843,12,314,98,115,2316,124,1033,193
Sep-21,Machakos County,5529,130,52,15,77,2861,335,751,140
Sep-21,Lamu County,255,,25,19,1,878,28,57,14
Sep-21,Laikipia County,2496,36,237,246,50,1445,411,444,64
Sep-21,Kwale County,7082,64,472,156,641,3319,274,1267,432
Sep-21,Kitui County,4456,6,274,186,125,1788,256,503,219
Sep-21,Kisumu County,5486,50,66,91,40,3670,230,409,145
Sep-21,Kisii County,2627,,94,191,3,2574,218,276,38
Sep-21,Wajir County,5772,214,262,4,251,2349,41,558,583
Sep-21,West Pokot County,4315,52,55,39,47,2451,92,126,174
Oct-21,Baringo County,3745,,317,75,41,2290,59,247,166
Oct-21,Bomet County,1409,,,6,11,2384,114,92,32
Oct-21,Bungoma County,8434,,265,88,110,2115,388,402,221
Oct-21,Busia County,4228,,192,121,32,1664,238,1046,89
Oct-21,Elgeyo Marakwet County,1966,,74,73,6,1468,89,150,13
Oct-21,Embu County,1668,6,110,44,11,580,90,326,84
Oct-21,Garissa County,9040,112,17,5,29,1988,47,909,705
Oct-21,Homa Bay County,2747,1,102,88,6,1695,102,202,45
Oct-21,Isiolo County,986,29,10,14,4,891,24,88,138
Oct-21,Kajiado County,4826,65,155,83,21,3336,136,308,91
Oct-21,Kakamega County,8519,2,171,402,65,2786,232,489,162
Oct-21,Kericho County,1802,,152,48,10,1617,120,261,40
Oct-21,Kiambu County,5956,6,411,385,96,5267,616,962,142
Oct-21,Kilifi County,6982,2,1024,388,238,6704,456,1525,447
Oct-21,Kirinyaga County,1583,1,182,94,7,1503,232,456,54
Oct-21,Vihiga County,3100,49,118,53,23,593,90,209,53
Oct-21,Uasin Gishu County,4808,,261,212,73,3338,354,478,85
Oct-21,Turkana County,14275,268,278,79,323,5671,255,1525,1808
Oct-21,Trans Nzoia County,1756,1,94,122,20,944,221,328,129
Oct-21,Tharaka Nithi County,2429,11,174,82,55,812,172,327,81
Oct-21,Tana River County,1495,199,138,14,48,1696,40,417,297
Oct-21,Taita Taveta County,6954,,167,90,60,886,187,466,124
Oct-21,Siaya County,5900,,22,10,7,1506,44,161,20
Oct-21,Samburu County,2320,1,42,37,26,2049,43,297,237
Oct-21,Nyeri County,3292,15,298,104,26,1146,215,470,71
Oct-21,Nyandarua County,2088,,93,96,13,718,163,207,44
Oct-21,Nyamira County,1550,,72,40,1,909,52,106,12
Oct-21,Narok County,5719,22,58,92,36,2061,112,245,38
Oct-21,Nandi County,4406,,97,168,57,1323,157,293,50
Oct-21,Nakuru County,14033,164,1591,403,107,4986,929,1123,128
Oct-21,Nairobi County,27753,246,1319,2387,168,10232,1272,2970,487
Oct-21,Muranga County,4483,3,435,248,54,1460,367,700,94
Oct-21,Mombasa County,3752,45,287,163,58,3433,302,882,150
Oct-21,Migori County,7158,13,115,199,64,2655,149,311,35
Oct-21,Meru County,4639,26,208,119,46,1819,280,3023,80
Oct-21,Marsabit County,2714,24,285,51,293,1471,55,590,809
Oct-21,Mandera County,3512,196,119,74,152,4503,317,560,766
Oct-21,Makueni County,7283,21,271,91,87,2122,132,414,126
Oct-21,Machakos County,5108,6,17,34,60,3322,393,703,139
Oct-21,Lamu County,274,,17,2,1,778,18,40,43
Oct-21,Laikipia County,2322,42,251,226,29,1415,428,818,45
Oct-21,Kwale County,7983,53,519,186,282,2512,297,679,385
Oct-21,Kitui County,5620,22,329,147,170,1906,225,488,294
Oct-21,Kisumu County,5268,108,117,82,76,2362,242,396,130
Oct-21,Kisii County,3021,,141,84,8,2235,124,219,15
Oct-21,Wajir County,5922,551,149,13,310,2443,260,573,772
Oct-21,West Pokot County,2616,23,46,4,4,2235,31,123,23
Nov-21,Baringo County,31867,2,115,78,84,2622,119,223,112
Nov-21,Bomet County,4106,,,,,3002,129,134,22
Nov-21,Bungoma County,8969,,102,34,23,2382,215,247,124
Nov-21,Busia County,4356,2,208,157,28,1841,200,620,76
Nov-21,Elgeyo Marakwet County,26402,,85,70,9,2100,84,112,11
Nov-21,Embu County,37526,26,213,45,57,967,99,488,90
Nov-21,Garissa County,37512,202,16,4,63,2468,56,930,722
Nov-21,Homa Bay County,3143,4,96,85,23,1862,108,185,51
Nov-21,Isiolo County,28117,12,34,15,55,1151,27,97,126
Nov-21,Kajiado County,5341,39,188,154,16,3514,179,411,60
Nov-21,Kakamega County,9337,39,499,421,32,3582,383,915,128
Nov-21,Kericho County,1437,,18,43,13,2344,120,377,28
Nov-21,Kiambu County,7881,94,565,380,32,5961,815,1087,148
Nov-21,Kilifi County,35623,9,1153,274,280,8185,474,1750,483
Nov-21,Kirinyaga County,28429,2,170,82,85,1783,201,407,200
Nov-21,Vihiga County,2815,34,302,50,62,781,86,286,78
Nov-21,Uasin Gishu County,86925,,197,113,19,3931,258,797,59
Nov-21,Turkana County,21615,92,500,267,247,4966,235,1329,1649
Nov-21,Trans Nzoia County,1670,1,170,168,29,1232,254,458,74
Nov-21,Tharaka Nithi County,7277,24,163,100,25,1355,159,392,46
Nov-21,Tana River County,2099,183,25,7,30,2109,57,460,202
Nov-21,Taita Taveta County,31186,,194,91,72,832,358,487,156
Nov-21,Siaya County,99413,2,40,20,44,3098,94,153,46
Nov-21,Samburu County,22688,4,21,7,16,2439,60,333,248
Nov-21,Nyeri County,3268,14,282,162,38,1639,252,499,55
Nov-21,Nyandarua County,7034,,122,90,11,1075,183,248,59
Nov-21,Nyamira County,4418,,71,66,4,883,58,80,5
Nov-21,Narok County,4059,9,85,143,18,2319,93,165,43
Nov-21,Nandi County,19376,,88,89,39,1583,111,220,93
Nov-21,Nakuru County,32999,78,672,306,107,6121,581,1494,224
Nov-21,Nairobi County,92004,271,1505,650,171,11714,1107,3427,420
Nov-21,Muranga County,26905,21,550,281,77,1733,418,1211,138
Nov-21,Mombasa County,3751,235,524,108,24,4103,294,1042,140
Nov-21,Migori County,7162,44,63,41,23,2988,87,209,145
Nov-21,Meru County,4952,18,180,119,30,2113,280,346,50
Nov-21,Marsabit County,28369,181,197,87,288,1560,92,501,823
Nov-21,Mandera County,3909,133,62,55,57,4946,236,517,624
Nov-21,Makueni County,23924,28,238,84,102,2399,146,517,193
Nov-21,Machakos County,14536,137,11,14,137,3353,338,789,176
Nov-21,Lamu County,221,,12,10,2,766,23,57,16
Nov-21,Laikipia County,2228,34,215,236,26,1692,383,505,189
Nov-21,Kwale County,77225,42,418,126,355,3551,197,997,439
Nov-21,Kitui County,6811,5,266,109,143,2413,198,569,298
Nov-21,Kisumu County,4775,38,85,69,55,2684,194,493,142
Nov-21,Kisii County,2650,,12,32,29,2235,94,76,30
Nov-21,Wajir County,6467,683,17,6,244,2435,60,519,807
Nov-21,West Pokot County,12811,13,276,17,95,2192,77,169,81
Dec-21,Baringo County,6114,7,111,136,25,2159,37,378,39
Dec-21,Bomet County,3218,,,3,3,3125,85,106,17
Dec-21,Bungoma County,145466,,47,41,48,2949,172,253,272
Dec-21,Busia County,5232,,255,78,30,1638,321,438,79
Dec-21,Elgeyo Marakwet County,2352,,91,54,20,1671,53,212,26
Dec-21,Embu County,3091,32,441,94,31,806,157,495,55
Dec-21,Garissa County,7210,144,23,2,82,3549,52,593,533
Dec-21,Homa Bay County,3896,4,94,52,30,1653,111,160,36
Dec-21,Isiolo County,720,36,67,30,59,1457,25,207,118
Dec-21,Kajiado County,4114,57,97,82,54,2951,124,314,40
Dec-21,Kakamega County,90411,22,161,120,28,2735,161,426,120
Dec-21,Kericho County,1930,,78,26,56,2603,126,165,33
Dec-21,Kiambu County,56120,61,645,326,41,5228,709,1038,121
Dec-21,Kilifi County,130939,11,1037,250,186,7205,314,1640,390
Dec-21,Kirinyaga County,2171,,128,156,1,1567,148,485,37
Dec-21,Vihiga County,3054,9,153,45,25,749,88,263,72
Dec-21,Uasin Gishu County,33503,,341,78,34,4068,176,379,38
Dec-21,Turkana County,8535,233,642,76,98,4449,227,1113,1239
Dec-21,Trans Nzoia County,148729,2,125,74,33,1279,137,287,53
Dec-21,Tharaka Nithi County,14096,11,165,107,20,1091,142,320,28
Dec-21,Tana River County,1981,172,52,12,25,1902,38,413,158
Dec-21,Taita Taveta County,1070,,137,72,43,708,145,361,172
Dec-21,Siaya County,4509,2,31,18,8,1504,60,145,13
Dec-21,Samburu County,1017,,13,5,24,1823,21,251,212
Dec-21,Nyeri County,3544,8,318,134,15,1496,231,433,31
Dec-21,Nyandarua County,18199,,103,65,7,1018,155,221,33
Dec-21,Nyamira County,9229,,97,63,1,841,70,81,7
Dec-21,Narok County,108806,7,66,36,11,2429,87,129,29
Dec-21,Nandi County,4103,,97,74,22,1478,77,163,31
Dec-21,Nakuru County,80271,166,491,409,92,6446,586,1066,109
Dec-21,Nairobi County,47563,177,1823,2178,554,8801,1006,2593,485
Dec-21,Muranga County,5935,23,355,236,51,1942,403,734,111
Dec-21,Mombasa County,3016,194,244,72,26,3445,180,789,110
Dec-21,Migori County,28755,21,310,151,33,2500,97,236,47
Dec-21,Meru County,31222,34,119,100,31,2045,216,380,48
Dec-21,Marsabit County,2775,47,139,17,449,1734,76,381,955
Dec-21,Mandera County,3817,150,59,49,68,5944,226,415,574
Dec-21,Makueni County,17724,6,203,104,95,1994,153,441,128
Dec-21,Machakos County,33801,70,7,28,58,3286,361,674,167
Dec-21,Lamu County,171,,3,7,1,876,21,44,4
Dec-21,Laikipia County,23427,30,220,166,47,1554,297,324,57
Dec-21,Kwale County,7193,29,372,124,276,3651,230,908,553
Dec-21,Kitui County,29802,1,226,119,115,2214,182,744,245
Dec-21,Kisumu County,5431,26,101,60,72,3494,190,440,106
Dec-21,Kisii County,2040,,40,42,7,2471,71,97,41
Dec-21,Wajir County,13522,432,66,1,206,3922,83,484,656
Dec-21,West Pokot County,6970,22,5,57,12,2477,38,87,28