"0","# Convert columns (excluding the first two columns) to numeric"
"0",""
"0","cols_to_convert <- setdiff(names(data), c(""period"", ""county""))"
"0","data[cols_to_convert] <- lapply(data[cols_to_convert], as.integer)"
"0",""
"0","# Check the data types of the columns after conversion"
"0","#head(data)"
"0",""
"0","# Calculate the mean of each numeric column (excluding the first two columns)"
"0","# Calculate the mean of each numeric column (excluding the first two columns)"
"0","numeric_cols <- sapply(data, is.numeric)"
"0","column_means <- colMeans(data[, numeric_cols], na.rm = TRUE)"
"0",""
"0","# Replace missing values in each column with the mean of that column"
"0","data_cleaned <- data"
"0","for (col in names(data)) {"
"0","  data_cleaned[[col]][is.na(data_cleaned[[col]])] <- column_means[col]"
"0","}"
"0",""
"0","# Check if any column has missing values after imputation (optional step)"
"0","columns_with_missing <- colSums(is.na(data_cleaned)) > 0"
"0","print(names(data_cleaned)[columns_with_missing])"
"1","character(0)
"
"0","# Now we print the data"
"0","head(data_cleaned)"
