"0","# Load the ggplot2 and dplyr packages"
"0","library(ggplot2)"
"0","library(dplyr)"
"0",""
"0",""
"0","# Extract the first three characters of the ""Period"" column to create a new column ""Month"""
"0","data_cleaned$Month <- substring(data_cleaned$period, 1, 3)"
"0",""
"0",""
"0","# Define the order of the months"
"0","month_order <- c(""Jan"", ""Feb"", ""Mar"", ""Apr"", ""May"", ""Jun"", ""Jul"", ""Aug"", ""Sep"", ""Oct"", ""Nov"", ""Dec"")"
"0",""
"0","# Convert the ""Month"" column to a factor with the desired order"
"0","data_cleaned$Month <- factor(data_cleaned$Month, levels = month_order)"
"0",""
"0","# Sum the ""Total Dewormed"" values for each unique month"
"0","sum_by_month <- data_cleaned %>%"
"0","  group_by(Month) %>%"
"0","  summarise(total_dewormed = sum(Acute.Malnutrition))"
"0",""
"0","# Create the ggplot using the summarized data"
"0","ggplot(sum_by_month, aes(x = Month, y = total_dewormed)) +"
"0","  geom_col(fill = ""skyblue"", color = ""black"") +"
"0","  theme_bw() +"
"0","  labs(title = ""Total Number of Acute Malnutrition By Month from Jan 2021 to June 2023"","
"0","       x = ""Month"","
"0","       y = ""Total Cases of Acute Malnutrition"") +"
"0","  theme(plot.title = element_text(hjust = 0.5))"
