{"chunk_definitions":[{"row":8,"row_count":1,"visible":true,"expansion_state":0,"options":{"engine":"r","label":"setup","include":false},"document_id":"F00D62D2","chunk_id":"csetup_chunk","chunk_label":"setup"},{"row":42,"row_count":1,"visible":true,"expansion_state":0,"options":{"engine":"r","label":"unnamed-chunk-5"},"document_id":"F00D62D2","chunk_id":"cbhivhy31ikcb","chunk_label":"unnamed-chunk-1"},{"row":53,"row_count":1,"visible":true,"expansion_state":0,"options":{"engine":"r","label":"unnamed-chunk-6"},"document_id":"F00D62D2","chunk_id":"ch9z6tfz1la5a","chunk_label":"unnamed-chunk-2"},{"row":59,"row_count":1,"visible":true,"expansion_state":0,"options":{"engine":"r","label":"unnamed-chunk-7"},"document_id":"F00D62D2","chunk_id":"cp9icubhmaibb","chunk_label":"unnamed-chunk-3"},{"row":72,"row_count":1,"visible":true,"expansion_state":0,"options":{"engine":"r","label":"unnamed-chunk-8"},"document_id":"F00D62D2","chunk_id":"ced9ube62obqf","chunk_label":"unnamed-chunk-4"},{"row":103,"row_count":1,"visible":true,"expansion_state":0,"options":{"engine":"r","label":"unnamed-chunk-9"},"document_id":"F00D62D2","chunk_id":"ct8ffd8e2xrlr","chunk_label":"unnamed-chunk-5"},{"row":139,"row_count":1,"visible":true,"expansion_state":0,"options":{"engine":"r","label":"unnamed-chunk-10"},"document_id":"F00D62D2","chunk_id":"cq8nw691cguyr","chunk_label":"unnamed-chunk-6"},{"row":174,"row_count":1,"visible":true,"expansion_state":0,"options":{"engine":"r","label":"unnamed-chunk-11"},"document_id":"F00D62D2","chunk_id":"c6haa433fludo","chunk_label":"unnamed-chunk-7"},{"row":209,"row_count":1,"visible":true,"expansion_state":0,"options":{"engine":"r","label":"unnamed-chunk-12"},"document_id":"F00D62D2","chunk_id":"c2i3lhdjig27u","chunk_label":"unnamed-chunk-8"},{"row":244,"row_count":1,"visible":true,"expansion_state":0,"options":{"engine":"r","label":"unnamed-chunk-13"},"document_id":"F00D62D2","chunk_id":"c5rczq3k9f5ph","chunk_label":"unnamed-chunk-9"},{"row":251,"row_count":1,"visible":true,"expansion_state":0,"options":{"engine":"r","label":"unnamed-chunk-14"},"document_id":"F00D62D2","chunk_id":"c872v80945ytw","chunk_label":"unnamed-chunk-10"}],"doc_write_time":1689919799,"working_dir":null,"default_chunk_options":{"echo":true,"out.width":"100%"},"chunk_rendered_width":700}